# Time (s), Ï‰3 (rad/s), Az (m/s2), Z (m)
0.000000,0.000000,0.000000,671.479077,
0.010000,0.000000,0.000000,671.479077,
0.020000,0.000000,-0.000000,671.479077,
0.030000,0.000000,0.000000,671.479077,
0.040000,0.000000,0.000000,671.479077,
0.050000,0.000000,0.000000,671.479077,
0.060000,0.000000,0.000000,671.479077,
0.070000,0.000000,0.000000,671.479077,
0.080000,0.000000,0.000000,671.479077,
0.090000,0.000000,-0.000000,671.479077,
0.100000,0.000000,0.000000,671.479077,
0.110000,0.000000,0.000000,671.479077,
0.120000,0.000000,-0.000000,671.479077,
0.130000,0.000000,0.000000,671.479077,
0.140000,0.000000,-0.000000,671.479077,
0.150000,0.000000,-0.000000,671.479077,
0.160000,0.000000,0.000000,671.479077,
0.170000,0.000000,0.000000,671.479077,
0.180000,0.000000,0.000000,671.479077,
0.190000,0.000000,0.000000,671.479077,
0.200000,0.000000,0.000000,671.479077,
0.210000,0.000000,0.000000,671.479077,
0.220000,0.000000,-0.000000,671.479077,
0.230000,0.000000,-0.000000,671.479077,
0.240000,0.000000,-0.000000,671.479077,
0.250000,0.000000,0.000000,671.479077,
0.260000,0.000000,0.000000,671.479077,
0.270000,0.000000,0.000000,671.479077,
0.280000,0.000000,0.000000,671.479077,
0.290000,0.000000,0.000000,671.479077,
0.300000,0.000000,-0.000000,671.479077,
0.310000,0.000000,-0.000000,671.479077,
0.320000,0.000000,0.000000,671.479077,
0.330000,0.000000,0.000000,671.479077,
0.340000,0.000000,-0.000000,671.479077,
0.350000,0.000000,0.523275,671.479085,
0.360000,-0.000000,1.111216,671.479144,
0.370000,0.000000,1.699261,671.479315,
0.380000,0.000000,2.341057,671.479657,
0.390000,0.000000,2.982988,671.480232,
0.400000,-0.000000,3.625055,671.481106,
0.410000,-0.000000,4.264595,671.482343,
0.420000,0.000000,4.901622,671.484006,
0.430000,0.000000,5.538805,671.486159,
0.440000,0.000000,6.109413,671.488865,
0.450000,-0.000000,6.663492,671.492182,
0.460000,-0.000000,7.217722,671.496166,
0.470000,0.000000,7.791393,671.500871,
0.480000,-0.000000,8.442403,671.506356,
0.490000,-0.000000,9.093612,671.512686,
0.500000,-0.000000,9.745021,671.519925,
0.510000,-0.000000,10.315516,671.528137,
0.520000,0.000000,10.877189,671.537381,
0.530000,0.000000,11.439051,671.547712,
0.540000,0.000000,12.039581,671.559188,
0.550000,0.000000,12.678814,671.571868,
0.560000,-0.000000,13.318284,671.585815,
0.570000,-0.000000,13.956486,671.601095,
0.580000,-0.000000,14.581403,671.617770,
0.590000,0.000000,15.206571,671.635903,
0.600000,0.000000,15.831990,671.655557,
0.610000,0.000000,16.325517,671.676792,
0.620000,0.000000,16.804567,671.699659,
0.630000,0.000000,17.283818,671.724208,
0.640000,0.000000,17.792058,671.750484,
0.650000,0.000000,18.329324,671.778540,
0.660000,0.000000,18.866829,671.808429,
0.670000,0.000000,19.422279,671.840205,
0.680000,-0.000000,20.048828,671.873923,
0.690000,-0.000000,20.675676,671.909647,
0.700000,0.000000,21.302821,671.947438,
0.710000,-0.000000,21.803640,671.987358,
0.720000,0.000000,22.273041,672.029458,
0.730000,-0.000000,22.742672,672.073786,
0.740000,-0.000000,23.284127,672.120388,
0.750000,0.000000,23.933285,672.169319,
0.760000,0.000000,24.582784,672.220643,
0.770000,-0.000000,25.209329,672.274426,
0.780000,0.000000,25.743014,672.330728,
0.790000,0.000000,26.276989,672.389605,
0.800000,-0.000000,26.811256,672.451110,
0.810000,0.000000,27.353162,672.515295,
0.820000,-0.000000,27.897215,672.582217,
0.830000,0.000000,28.441580,672.651927,
0.840000,0.000000,28.968879,672.724482,
0.850000,-0.000000,29.470413,672.799934,
0.860000,-0.000000,29.972245,672.878333,
0.870000,0.000000,30.472746,672.959729,
0.880000,0.000000,30.958894,673.044172,
0.890000,0.000000,31.445340,673.131710,
0.900000,-0.000000,31.932082,673.222394,
0.910000,-0.000000,32.408797,673.316270,
0.920000,0.000000,32.883228,673.413388,
0.930000,-0.000000,33.357953,673.513793,
0.940000,-0.000000,33.990176,673.617536,
0.950000,0.000000,34.780080,673.724678,
0.960000,0.000000,35.570517,673.835298,
0.970000,0.000000,36.316724,673.949475,
0.980000,0.000000,36.660447,674.067277,
0.990000,0.000000,37.004388,674.188746,
1.000000,0.000000,37.348547,674.313916,
1.010000,0.000000,37.837298,674.442821,
1.020000,-0.000000,38.388282,674.575510,
1.030000,0.000000,38.939651,674.712038,
1.040000,0.000000,39.477950,674.852460,
1.050000,-0.000000,39.996445,674.996829,
1.060000,-0.000000,40.515309,675.145198,
1.070000,0.000000,41.037200,675.297619,
1.080000,-0.000000,41.583397,675.454144,
1.090000,0.000000,42.129998,675.614827,
1.100000,0.000000,42.677000,675.779723,
1.110000,0.000000,43.096338,675.948886,
1.120000,0.007530,43.391687,676.122409,
1.130000,0.017014,43.756862,676.300218,
1.140000,0.026910,44.101275,676.482402,
1.150000,0.037228,44.414393,676.668995,
1.160000,0.047976,44.727711,676.860029,
1.170000,0.059166,45.041230,677.055535,
1.180000,0.070807,45.337447,677.255545,
1.190000,0.082907,45.633851,677.460087,
1.200000,0.095478,45.930439,677.669191,
1.210000,0.108528,46.234029,677.882888,
1.220000,0.122066,46.540734,678.101208,
1.230000,0.136103,46.847632,678.324181,
1.240000,0.150648,47.142904,678.551837,
1.250000,0.165709,47.420627,678.784207,
1.260000,0.181296,47.698514,679.021318,
1.270000,0.197417,47.976566,679.263197,
1.280000,0.214082,48.367913,679.509875,
1.290000,0.231300,48.759529,679.761389,
1.300000,0.249082,49.151410,680.017778,
1.310000,0.267437,49.535827,680.279080,
1.320000,0.286376,49.917192,680.545335,
1.330000,0.305908,50.298816,680.816580,
1.340000,0.326044,50.697843,681.092853,
1.350000,0.346792,51.137167,681.374196,
1.360000,0.368164,51.576801,681.660650,
1.370000,0.390170,52.016738,681.952261,
1.380000,0.412821,52.368481,682.249071,
1.390000,0.436124,52.720440,682.551115,
1.400000,0.460089,53.072609,682.858431,
1.410000,0.484724,53.412258,683.171051,
1.420000,0.510038,53.746653,683.489012,
1.430000,0.536039,54.081249,683.812345,
1.440000,0.562733,54.429174,684.141084,
1.450000,0.590130,54.807958,684.475265,
1.460000,0.618237,55.187007,684.814924,
1.470000,0.647062,55.553354,685.160100,
1.480000,0.676613,55.803192,685.510828,
1.490000,0.706895,56.053157,685.867134,
1.500000,0.737913,56.303242,686.229043,
1.510000,0.769672,56.563359,686.596580,
1.520000,0.802176,56.830203,686.969771,
1.530000,0.835431,57.097153,687.348643,
1.540000,0.869440,57.349059,687.733223,
1.550000,0.904207,57.565691,688.123535,
1.560000,0.939735,57.782387,688.519600,
1.570000,0.976027,57.999152,688.921441,
1.580000,1.013085,58.316046,689.329080,
1.590000,1.050913,58.644240,689.742550,
1.600000,1.089514,58.972619,690.161881,
1.610000,1.128894,59.276691,690.587106,
1.620000,1.169055,59.564589,691.018254,
1.630000,1.209998,59.852630,691.455356,
1.640000,1.251728,60.132974,691.898440,
1.650000,1.294245,60.382076,692.347533,
1.660000,1.337549,60.631271,692.802662,
1.670000,1.381643,60.880548,693.263850,
1.680000,1.426525,61.129169,693.731123,
1.690000,1.472197,61.377771,694.204506,
1.700000,1.518657,61.626427,694.684022,
1.710000,1.565904,61.818293,695.169698,
1.720000,1.613938,61.972250,695.661552,
1.730000,1.662753,62.126180,696.159599,
1.740000,1.712347,62.298033,696.663856,
1.750000,1.762717,62.541701,697.174340,
1.760000,1.813859,62.785450,697.691073,
1.770000,1.865772,63.029277,698.214082,
1.780000,1.918454,63.257737,698.743389,
1.790000,1.971900,63.484535,699.279018,
1.800000,2.026109,63.711382,699.820991,
1.810000,2.081075,63.956930,700.369332,
1.820000,2.136797,64.370546,700.924068,
1.830000,2.193275,64.784383,701.485238,
1.840000,2.250510,65.128845,702.052882,
1.850000,2.308498,65.194964,702.627030,
1.860000,2.367231,65.260950,703.207693,
1.870000,2.426700,65.326801,703.794878,
1.880000,2.486895,65.512416,704.388594,
1.890000,2.547809,65.711342,704.988857,
1.900000,2.609437,65.910264,705.595687,
1.910000,2.671771,66.105825,706.209104,
1.920000,2.734806,66.298005,706.829128,
1.930000,2.798532,66.490129,707.455779,
1.940000,2.862944,66.666108,708.089075,
1.950000,2.928033,66.697386,708.729031,
1.960000,2.993785,66.728343,709.375654,
1.970000,3.060189,66.758960,710.028947,
1.980000,3.127233,66.879683,710.688913,
1.990000,3.194906,67.060508,711.355564,
2.000000,3.263201,67.241210,712.028919,
2.010000,3.332108,67.366547,712.708995,
2.020000,3.401618,67.436454,713.395805,
2.030000,3.471718,67.506149,714.089356,
2.040000,3.542395,67.568070,714.789657,
2.050000,3.613638,67.599589,715.496712,
2.060000,3.685433,67.630740,716.210526,
2.070000,3.757766,67.661474,716.931102,
2.080000,3.830624,67.710108,717.658444,
2.090000,3.903994,67.770484,718.392557,
2.100000,3.977864,67.830301,719.133447,
2.110000,4.052221,67.817107,719.881120,
2.120000,4.127049,67.694561,720.635575,
2.130000,4.202328,67.571229,721.396801,
2.140000,4.278042,67.469353,722.164786,
2.150000,4.354173,67.455647,722.939522,
2.160000,4.430707,67.441388,723.721006,
2.170000,4.507629,67.426592,724.509237,
2.180000,4.584925,67.382774,725.304215,
2.190000,4.662580,67.331097,726.105935,
2.200000,4.740578,67.278543,726.914393,
2.210000,4.818904,67.216622,727.729585,
2.220000,4.897542,67.141063,728.551504,
2.230000,4.976477,67.064472,729.380144,
2.240000,5.055693,66.961934,730.215497,
2.250000,5.135171,66.633443,731.057551,
2.260000,5.214888,66.303989,731.906277,
2.270000,5.294819,65.973641,732.761642,
2.280000,5.374946,66.129714,733.623619,
2.290000,5.455266,66.494130,734.492218,
2.300000,5.535783,66.858034,735.367477,
2.310000,5.616495,66.795196,736.249431,
2.320000,5.697381,66.305052,737.138074,
2.330000,5.778412,65.813660,738.033358,
2.340000,5.859560,65.362707,738.935237,
2.350000,5.940804,65.285160,739.843670,
2.360000,6.022132,65.207045,740.758644,
2.370000,6.103532,65.128490,741.680152,
2.380000,6.184987,64.446201,742.608181,
2.390000,6.266457,63.504491,743.542668,
2.400000,6.347898,62.561956,744.483519,
2.410000,6.429270,61.769141,745.430641,
2.420000,6.510541,61.201595,746.383955,
2.430000,6.591685,60.633867,747.343403,
2.440000,6.672678,60.094263,748.308929,
2.450000,6.753499,59.808484,749.280481,
2.460000,6.834134,59.523134,750.258026,
2.470000,6.914572,59.238354,751.241537,
2.480000,6.994798,58.916711,752.230984,
2.490000,7.074799,58.591776,753.226335,
2.500000,7.154560,58.267921,754.227555,
2.510000,7.234069,57.938295,755.234614,
2.520000,7.313312,57.599556,756.247476,
2.530000,7.392277,57.262469,757.266107,
2.540000,7.470950,56.927185,758.290473,
2.550000,7.549316,56.290712,759.320534,
2.560000,7.627349,55.655930,760.356231,
2.570000,7.705027,55.022865,761.397499,
2.580000,7.782327,54.313321,762.444273,
2.590000,7.859223,53.553310,763.496481,
2.600000,7.935689,52.794960,764.554047,
2.610000,8.011702,52.108623,765.616894,
2.620000,8.087241,51.529594,766.684951,
2.630000,8.162293,50.952484,767.758160,
2.640000,8.236841,50.377284,768.836461,
2.650000,8.310874,50.054116,769.919801,
2.660000,8.384390,49.732952,771.008140,
2.670000,8.457384,49.413688,772.101447,
2.680000,8.529852,49.045313,773.199687,
2.690000,8.601787,48.656700,774.302822,
2.700000,8.673183,48.269457,775.410814,
2.710000,8.744035,47.883371,776.523623,
2.720000,8.814336,47.471348,777.641208,
2.730000,8.884081,47.060004,778.763527,
2.740000,8.953263,46.649053,779.890540,
2.750000,9.021878,46.262402,781.022205,
2.760000,9.089921,45.878251,782.158482,
2.770000,9.157390,45.493584,783.299333,
2.780000,9.224278,44.968155,784.444717,
2.790000,9.290574,44.381507,785.594583,
2.800000,9.356267,43.793270,786.748873,
2.810000,9.421346,43.222208,787.907528,
2.820000,9.485804,42.693526,789.070491,
2.830000,9.549634,42.162580,790.237710,
2.840000,9.612830,41.629155,791.409132,
2.850000,9.675386,41.105407,792.584704,
2.860000,9.737296,40.578848,793.764375,
2.870000,9.798557,40.049327,794.948092,
2.880000,9.859163,39.568650,796.135805,
2.890000,9.919116,39.162734,797.327466,
2.900000,9.978418,38.753591,798.523036,
2.910000,10.037070,38.371356,799.722474,
2.920000,10.095078,38.056315,800.925744,
2.930000,10.152447,37.737977,802.132816,
2.940000,10.209183,37.416368,803.343659,
2.950000,10.265294,37.094701,804.558242,
2.960000,10.320783,36.770003,805.776534,
2.970000,10.375658,36.442439,806.998505,
2.980000,10.429926,36.110351,808.224122,
2.990000,10.483593,35.774442,809.453355,
3.000000,10.536663,35.436217,810.686170,
3.010000,10.589142,35.095952,811.922534,
3.020000,10.641035,34.676149,813.162415,
3.030000,10.692340,34.203004,814.405772,
3.040000,10.743058,33.757918,815.652558,
3.050000,10.793193,33.428904,816.902731,
3.060000,10.842753,33.099491,818.156258,
3.070000,10.891744,32.770038,819.413105,
3.080000,10.940174,32.522633,820.673242,
3.090000,10.988055,32.330421,821.936643,
3.100000,11.035399,32.139265,823.203289,
3.110000,11.082216,31.915141,824.473160,
3.120000,11.128512,31.555242,825.746233,
3.130000,11.174289,31.197266,827.022473,
3.140000,11.219550,30.841480,828.301844,
3.150000,11.264297,30.463645,829.584308,
3.160000,11.308534,30.085708,830.869829,
3.170000,11.352260,29.710556,832.158366,
3.180000,11.395481,29.379640,833.449883,
3.190000,11.438201,29.093057,834.744345,
3.200000,11.480427,28.809520,836.041722,
3.210000,11.522164,28.543240,837.341984,
3.220000,11.563419,28.313133,838.645105,
3.230000,11.604200,28.085931,839.951059,
3.240000,11.644514,27.861492,841.259822,
3.250000,11.684368,27.668920,842.571372,
3.260000,11.723770,27.481968,843.885688,
3.270000,11.762728,27.297114,845.202748,
3.280000,11.801250,27.062608,846.522535,
3.290000,11.839335,26.778113,847.845023,
3.300000,11.876988,26.494728,849.170183,
3.310000,11.914211,26.216364,850.497987,
3.320000,11.951006,25.955473,851.828404,
3.330000,11.987378,25.694578,853.161410,
3.340000,12.023331,25.433270,854.496976,
3.350000,12.058867,25.199789,855.835078,
3.360000,12.093993,24.972275,857.175690,
3.370000,12.128713,24.743183,858.518791,
3.380000,12.163033,24.605812,859.864357,
3.390000,12.196967,24.559836,861.212376,
3.400000,12.230529,24.511280,862.562842,
3.410000,12.263729,24.412246,863.915750,
3.420000,12.296569,24.119633,865.271091,
3.430000,12.329048,23.823753,866.628836,
3.440000,12.361166,23.524456,867.988957,
3.450000,12.392926,23.250908,869.351426,
3.460000,12.424329,22.981149,870.716216,
3.470000,12.455379,22.707894,872.083300,
3.480000,12.486078,22.420082,873.452652,
3.490000,12.516426,22.112290,874.824245,
3.500000,12.546425,21.801446,876.198048,
3.510000,12.576075,21.496473,877.574032,
3.520000,12.605381,21.266967,878.952168,
3.530000,12.634349,21.035315,880.332433,
3.540000,12.662982,20.801899,881.714804,
3.550000,12.691288,20.754006,883.099260,
3.560000,12.719339,22.387172,884.485819,
3.570000,12.747244,24.019915,885.874623,
3.580000,12.775085,25.652686,887.265833,
3.590000,12.802926,25.994507,888.659612,
3.600000,12.830665,24.400231,890.055991,
3.610000,12.858215,22.807393,891.454815,
3.620000,12.885512,21.216391,892.855927,
3.630000,12.912508,20.004588,894.259172,
3.640000,12.939166,18.795200,895.664424,
3.650000,12.965447,17.588471,897.071561,
3.660000,12.991315,16.444662,898.480462,
3.670000,13.016738,15.343850,899.891012,
3.680000,13.041686,14.246059,901.303101,
3.690000,13.066132,13.319626,902.716619,
3.700000,13.090076,12.788892,904.131474,
3.710000,13.113521,12.261010,905.547611,
3.720000,13.136465,11.735851,906.964976,
3.730000,13.158907,11.232212,908.383516,
3.740000,13.180845,10.730926,909.803180,
3.750000,13.202278,10.231743,911.223917,
3.760000,13.223207,9.781782,912.645677,
3.770000,13.243634,9.353681,914.068413,
3.780000,13.263564,8.926817,915.492083,
3.790000,13.282997,8.527871,916.916644,
3.800000,13.301942,8.192555,918.342055,
3.810000,13.320403,7.857542,919.768284,
3.820000,13.338388,7.522525,921.195295,
3.830000,13.355900,7.153848,922.623055,
3.840000,13.372943,6.780961,924.051527,
3.850000,13.389521,6.407337,925.480674,
3.860000,13.405637,6.126447,926.910459,
3.870000,13.421306,5.906908,928.340853,
3.880000,13.436538,5.686135,929.771836,
3.890000,13.451342,5.453484,931.203384,
3.900000,13.465725,5.194851,932.635475,
3.910000,13.479694,4.934842,934.068084,
3.920000,13.493256,4.673469,935.501183,
3.930000,13.506415,4.364509,936.934748,
3.940000,13.519175,4.049198,938.368748,
3.950000,13.531540,3.732784,939.803152,
3.960000,13.543513,3.418709,941.237928,
3.970000,13.555098,3.106014,942.673046,
3.980000,13.566299,2.792649,944.108474,
3.990000,13.577119,2.466873,945.544182,
4.000000,13.587559,2.093121,946.980136,
4.010000,13.597620,1.719201,948.416300,
4.020000,13.607300,1.345280,949.852637,
4.030000,13.616601,0.908488,951.289109,
4.040000,13.625518,0.456219,952.725672,
4.050000,13.634047,0.004355,954.162283,
4.060000,13.642188,-0.367394,955.598895,
4.070000,13.649948,-0.685531,957.035472,
4.080000,13.657330,-1.003065,958.471982,
4.090000,13.664338,-1.338021,959.908392,
4.100000,13.670971,-1.744613,961.344669,
4.110000,13.677227,-2.150522,962.780773,
4.120000,13.683104,-2.555755,964.216662,
4.130000,13.688602,-2.988020,965.652296,
4.140000,13.693719,-3.422768,967.087632,
4.150000,13.698452,-3.856971,968.522626,
4.160000,13.702800,-4.291623,969.957235,
4.170000,13.706762,-4.726797,971.391415,
4.180000,13.710336,-5.161633,972.825123,
4.190000,13.713522,-5.589023,974.258315,
4.200000,13.716318,-5.987490,975.690948,
4.210000,13.718728,-6.385836,977.122982,
4.220000,13.720751,-6.784128,978.554378,
4.230000,13.722387,-7.180071,979.985096,
4.240000,13.723638,-7.575781,981.415095,
4.250000,13.724503,-7.971565,982.844337,
4.260000,13.724985,-8.348769,984.272781,
4.270000,13.725086,-8.707393,985.700391,
4.280000,13.724808,-9.066150,987.127129,
4.290000,13.724153,-9.420271,988.552961,
4.300000,13.723126,-9.731452,989.977852,
4.310000,13.721732,-10.042761,991.401769,
4.320000,13.719974,-10.354196,992.824681,
4.330000,13.717856,-10.615329,994.246559,
4.340000,13.715388,-10.863952,995.667375,
4.350000,13.712575,-11.112657,997.087105,
4.360000,13.709421,-11.348348,998.505723,
4.370000,13.705936,-11.570997,999.923206,
4.380000,13.702124,-11.793661,1001.339533,
4.390000,13.697992,-11.998559,1002.754680,
4.400000,13.693549,-12.132400,1004.168628,
4.410000,13.688807,-12.266251,1005.581362,
4.420000,13.683772,-12.400097,1006.992870,
4.430000,13.678455,-12.477860,1008.403139,
4.440000,13.672869,-12.541619,1009.812159,
4.450000,13.667023,-12.605385,1011.219926,
4.460000,13.660927,-12.648182,1012.626432,
4.470000,13.654593,-12.659542,1014.031673,
4.480000,13.648032,-12.670918,1015.435649,
4.490000,13.641253,-12.876939,1016.838356,
4.500000,13.540467,-12.872913,1018.239783,
4.510000,13.167501,-12.868902,1019.639921,
4.520000,12.806310,-12.864899,1021.038773,
4.530000,12.461408,-12.860895,1022.436339,
4.540000,12.132037,-12.856879,1023.832618,
4.550000,11.817474,-12.852845,1025.227612,
4.560000,11.517031,-12.848782,1026.621320,
4.570000,11.230052,-12.844683,1028.013743,
4.580000,10.955913,-12.840540,1029.404882,
4.590000,10.694019,-12.836346,1030.794737,
4.600000,10.443803,-12.832092,1032.183309,
4.610000,10.204726,-12.827771,1033.570597,
4.620000,9.976272,-12.823377,1034.956602,
4.630000,9.757952,-12.818904,1036.341325,
4.640000,9.549298,-12.814344,1037.724766,
4.650000,9.349866,-12.809693,1039.106926,
4.660000,9.159231,-12.804946,1040.487805,
4.670000,8.976988,-12.800106,1041.867403,
4.680000,8.802753,-12.795354,1043.245721,
4.690000,8.636156,-12.790749,1044.622760,
4.700000,8.476846,-12.786540,1045.998519,
4.710000,8.324489,-12.782225,1047.373000,
4.720000,8.178765,-12.777799,1048.746203,
4.730000,8.039371,-12.773261,1050.118128,
4.740000,7.906020,-12.768608,1051.488775,
4.750000,7.778442,-12.763839,1052.858146,
4.760000,7.656368,-12.758952,1054.226241,
4.770000,7.539549,-12.753945,1055.593059,
4.780000,7.427746,-12.748819,1056.958602,
4.790000,7.320731,-12.743572,1058.322870,
4.800000,7.218288,-12.738206,1059.685864,
4.810000,7.120208,-12.732722,1061.047584,
4.820000,7.026295,-12.727120,1062.408031,
4.830000,6.936360,-12.721404,1063.767205,
4.840000,6.850224,-12.715575,1065.125107,
4.850000,6.767715,-12.709637,1066.481737,
4.860000,6.688669,-12.703592,1067.837096,
4.870000,6.612931,-12.697445,1069.191185,
4.880000,6.540352,-12.691199,1070.544005,
4.890000,6.470790,-12.684859,1071.895555,
4.900000,6.404109,-12.678430,1073.245837,
4.910000,6.340181,-12.671918,1074.594850,
4.920000,6.278881,-12.665326,1075.942597,
4.930000,6.220093,-12.658662,1077.289077,
4.940000,6.163704,-12.651930,1078.634291,
4.950000,6.109606,-12.645135,1079.978240,
4.960000,6.057699,-12.638280,1081.320925,
4.970000,6.007883,-12.631371,1082.662346,
4.980000,5.960066,-12.624413,1084.002503,
4.990000,5.914159,-12.617411,1085.341398,
5.000000,5.870077,-12.610370,1086.679032,
5.010000,5.827740,-12.603295,1088.015404,
5.020000,5.787068,-12.596193,1089.350516,
5.030000,5.747990,-12.589067,1090.684368,
5.040000,5.710434,-12.581925,1092.016962,
5.050000,5.674334,-12.574771,1093.348297,
5.060000,5.639623,-12.567611,1094.678375,
5.070000,5.606243,-12.560450,1096.007196,
5.080000,5.574133,-12.553294,1097.334761,
5.090000,5.543238,-12.546148,1098.661071,
5.100000,5.513505,-12.539017,1099.986126,
5.110000,5.484882,-12.531906,1101.309927,
5.120000,5.457320,-12.524820,1102.632475,
5.130000,5.430774,-12.517763,1103.953771,
5.140000,5.322546,-12.510741,1105.273814,
5.150000,5.218858,-12.503758,1106.592607,
5.160000,5.119512,-12.496818,1107.910149,
5.170000,5.024319,-12.489925,1109.226441,
5.180000,4.933097,-12.483082,1110.541485,
5.190000,4.845673,-12.476294,1111.855280,
5.200000,4.761881,-12.469563,1113.167828,
5.210000,4.681564,-12.462893,1114.479129,
5.220000,4.604570,-12.456287,1115.789183,
5.230000,4.530756,-12.449747,1117.097992,
5.240000,4.459982,-12.443275,1118.405556,
5.250000,4.392117,-12.436875,1119.711875,
5.260000,4.327036,-12.430547,1121.016951,
5.270000,4.264617,-12.424293,1122.320784,
5.280000,4.204745,-12.418116,1123.623374,
5.290000,4.147312,-12.412015,1124.924722,
5.300000,4.092210,-12.405992,1126.224830,
5.310000,4.039341,-12.400047,1127.523696,
5.320000,3.988607,-12.394182,1128.821323,
5.330000,3.939916,-12.388395,1130.117710,
5.340000,3.893179,-12.382687,1131.412859,
5.350000,3.848316,-12.377057,1132.706769,
5.360000,3.805247,-12.371506,1133.999441,
5.370000,3.763892,-12.366033,1135.290877,
5.380000,3.724180,-12.360636,1136.581075,
5.390000,3.686039,-12.355315,1137.870038,
5.400000,3.649402,-12.350067,1139.157765,
5.410000,3.614205,-12.344892,1140.444257,
5.420000,3.580387,-12.339788,1141.729515,
5.430000,3.547889,-12.334752,1143.013538,
5.440000,3.516655,-12.329783,1144.296329,
5.450000,3.486632,-12.324878,1145.577886,
5.460000,3.457767,-12.320036,1146.858210,
5.470000,3.430012,-12.315252,1148.137303,
5.480000,3.403319,-12.310526,1149.415164,
5.490000,3.377644,-12.305853,1150.691794,
5.500000,3.352943,-12.301231,1151.967194,
5.510000,3.329175,-12.296657,1153.241363,
5.520000,3.306302,-12.292131,1154.514303,
5.530000,3.284285,-12.287652,1155.786014,
5.540000,3.263089,-12.283215,1157.056495,
5.550000,3.242677,-12.278819,1158.325749,
5.560000,3.223019,-12.274463,1159.593774,
5.570000,3.204082,-12.270144,1160.860572,
5.580000,3.185837,-12.265860,1162.126143,
5.590000,3.168253,-12.261607,1163.390488,
5.600000,3.151304,-12.257385,1164.653606,
5.610000,3.134962,-12.253190,1165.915499,
5.620000,3.119202,-12.249020,1167.176166,
5.630000,3.104001,-12.244873,1168.435608,
5.640000,3.089334,-12.240745,1169.693826,
5.650000,3.075180,-12.236635,1170.950820,
5.660000,3.061516,-12.232540,1172.206590,
5.670000,3.048324,-12.228457,1173.461137,
5.680000,3.035582,-12.224385,1174.714461,
5.690000,3.023273,-12.220320,1175.966563,
5.700000,3.011378,-12.216262,1177.217442,
5.710000,2.999881,-12.212206,1178.467100,
5.720000,2.988765,-12.208152,1179.715537,
5.730000,2.978014,-12.204097,1180.962753,
5.740000,2.967612,-12.200038,1182.208748,
5.750000,2.957547,-12.195976,1183.453524,
5.760000,2.947803,-12.191906,1184.697080,
5.770000,2.938368,-12.187828,1185.939417,
5.780000,2.929229,-12.183740,1187.180534,
5.790000,2.920373,-12.179640,1188.420434,
5.800000,2.911789,-12.175526,1189.659116,
5.810000,2.903467,-12.171395,1190.896580,
5.820000,2.895394,-12.167244,1192.132827,
5.830000,2.887562,-12.163072,1193.367857,
5.840000,2.879959,-12.158875,1194.601671,
5.850000,2.872578,-12.154653,1195.834269,
5.860000,2.865408,-12.150402,1197.065651,
5.870000,2.858441,-12.146122,1198.295818,
5.880000,2.851669,-12.141811,1199.524771,
5.890000,2.845084,-12.137467,1200.752510,
5.900000,2.838679,-12.133090,1201.979035,
5.910000,2.832445,-12.128677,1203.204347,
5.920000,2.826376,-12.124228,1204.428445,
5.930000,2.820466,-12.119743,1205.651332,
5.940000,2.814708,-12.115221,1206.873006,
5.950000,2.809095,-12.110660,1208.093469,
5.960000,2.803623,-12.106062,1209.312721,
5.970000,2.798285,-12.101425,1210.530762,
5.980000,2.793075,-12.096750,1211.747593,
5.990000,2.787989,-12.092037,1212.963214,
6.000000,2.783022,-12.087285,1214.177626,
6.010000,2.778169,-12.082496,1215.390830,
6.020000,2.773425,-12.077670,1216.602825,
6.030000,2.702458,-12.072806,1217.813612,
6.040000,2.631673,-12.067907,1219.023192,
6.050000,2.629514,-12.062973,1220.231566,
6.060000,2.564161,-12.058004,1221.438733,
6.070000,2.498792,-12.053002,1222.644694,
6.080000,2.435949,-12.047968,1223.849450,
6.090000,2.375529,-12.042904,1225.053001,
6.100000,2.383759,-12.037811,1226.255348,
6.110000,2.336925,-12.032691,1227.456491,
6.120000,2.280385,-12.027546,1228.656431,
6.130000,2.226015,-12.022378,1229.855168,
6.140000,2.173729,-12.017190,1231.052703,
6.150000,2.123445,-12.011983,1232.249036,
6.160000,2.075084,-12.006760,1233.444168,
6.170000,2.028569,-12.001523,1234.638099,
6.180000,2.049050,-11.996273,1235.830830,
6.190000,2.006701,-11.991013,1237.022361,
6.200000,1.962847,-11.985746,1238.212694,
6.210000,1.920658,-11.980473,1239.401827,
6.220000,1.880070,-11.975196,1240.589763,
6.230000,1.841020,-11.969918,1241.776501,
6.240000,1.803447,-11.964641,1242.962043,
6.250000,1.767294,-11.959367,1244.146387,
6.260000,1.732505,-11.954098,1245.329536,
6.270000,1.699026,-11.948836,1246.511489,
6.280000,1.666806,-11.943583,1247.692248,
6.290000,1.635796,-11.938341,1248.871812,
6.300000,1.605949,-11.933112,1250.050182,
6.310000,1.577220,-11.927898,1251.227359,
6.320000,1.549565,-11.922701,1252.403344,
6.330000,1.522942,-11.917521,1253.578136,
6.340000,1.497311,-11.912362,1254.751736,
6.350000,1.472634,-11.907225,1255.924145,
6.360000,1.448873,-11.902111,1257.095363,
6.370000,1.425994,-11.897022,1258.265391,
6.380000,1.403961,-11.891959,1259.434229,
6.390000,1.382743,-11.886923,1260.601878,
6.400000,1.362308,-11.881916,1261.768339,
6.410000,1.342625,-11.876938,1262.933611,
6.420000,1.323665,-11.871991,1264.097696,
6.430000,1.305402,-11.867075,1265.260593,
6.440000,1.287807,-11.862191,1266.422304,
6.450000,1.270856,-11.857341,1267.582828,
6.460000,1.254523,-11.852524,1268.742167,
6.470000,1.238785,-11.847741,1269.900320,
6.480000,1.223618,-11.842994,1271.057289,
6.490000,1.209002,-11.838281,1272.213073,
6.500000,1.194915,-11.833604,1273.367674,
6.510000,1.181337,-11.828963,1274.521091,
6.520000,1.168248,-11.824358,1275.673325,
6.530000,1.155629,-11.819789,1276.824377,
6.540000,1.143463,-11.815257,1277.974247,
6.550000,1.131733,-11.810761,1279.122935,
6.560000,1.120422,-11.806301,1280.270442,
6.570000,1.109514,-11.801877,1281.416769,
6.580000,1.098994,-11.797489,1282.561915,
6.590000,1.088847,-11.793137,1283.705882,
6.600000,1.079058,-11.788820,1284.848669,
6.610000,1.069615,-11.784537,1285.990278,
6.620000,1.060504,-11.780290,1287.130708,
6.630000,1.051713,-11.776076,1288.269960,
6.640000,1.043229,-11.771895,1289.408034,
6.650000,1.035041,-11.767747,1290.544931,
6.660000,1.027138,-11.763631,1291.680652,
6.670000,1.019510,-11.759546,1292.815196,
6.680000,1.012145,-11.755492,1293.948564,
6.690000,1.005033,-11.751467,1295.080757,
6.700000,0.998166,-11.747471,1296.211774,
6.710000,0.991535,-11.743504,1297.341617,
6.720000,0.985129,-11.739563,1298.470285,
6.730000,0.978942,-11.735649,1299.597779,
6.740000,0.972964,-11.731760,1300.724100,
6.750000,0.967188,-11.727895,1301.849248,
6.760000,0.961606,-11.724053,1302.973223,
6.770000,0.956211,-11.720234,1304.096025,
6.780000,0.950997,-11.716435,1305.217656,
6.790000,0.945955,-11.712657,1306.338114,
6.800000,0.941081,-11.708898,1307.457402,
6.810000,0.936368,-11.705157,1308.575518,
6.820000,0.931809,-11.701432,1309.692465,
6.830000,0.927399,-11.697723,1310.808240,
6.840000,0.923133,-11.694029,1311.922847,
6.850000,0.919005,-11.690348,1313.036283,
6.860000,0.915010,-11.686679,1314.148551,
6.870000,0.911144,-11.683022,1315.259650,
6.880000,0.907400,-11.679375,1316.369581,
6.890000,0.903776,-11.675736,1317.478344,
6.900000,0.900265,-11.672106,1318.585939,
6.910000,0.896865,-11.668482,1319.692367,
6.920000,0.893571,-11.664864,1320.797628,
6.930000,0.890380,-11.661251,1321.901723,
6.940000,0.887286,-11.657641,1323.004652,
6.950000,0.884288,-11.654034,1324.106414,
6.960000,0.881381,-11.650429,1325.207012,
6.970000,0.878561,-11.646825,1326.306444,
6.980000,0.875827,-11.643220,1327.404712,
6.990000,0.873174,-11.639614,1328.501815,
7.000000,0.870600,-11.636007,1329.597755,
7.010000,0.868102,-11.632396,1330.692530,
7.020000,0.865676,-11.628782,1331.786143,
7.030000,0.863321,-11.625163,1332.878593,
7.040000,0.861034,-11.621540,1333.969880,
7.050000,0.858812,-11.617910,1335.060005,
7.060000,0.856653,-11.614274,1336.148968,
7.070000,0.854554,-11.610631,1337.236770,
7.080000,0.852514,-11.606980,1338.323411,
7.090000,0.850530,-11.603321,1339.408891,
7.100000,0.848600,-11.599654,1340.493210,
7.110000,0.846723,-11.595977,1341.576370,
7.120000,0.844895,-11.592290,1342.658370,
7.130000,0.843116,-11.588593,1343.739211,
7.140000,0.841384,-11.584886,1344.818893,
7.150000,0.839697,-11.581169,1345.897417,
7.160000,0.838054,-11.577440,1346.974782,
7.170000,0.836452,-11.573700,1348.050990,
7.180000,0.834890,-11.569949,1349.126040,
7.190000,0.833367,-11.566187,1350.199933,
7.200000,0.831882,-11.562413,1351.272670,
7.210000,0.830433,-11.558628,1352.344251,
7.220000,0.829018,-11.554830,1353.414675,
7.230000,0.827637,-11.551022,1354.483944,
7.240000,0.826288,-11.547202,1355.552058,
7.250000,0.824971,-11.543370,1356.619018,
7.260000,0.823683,-11.539528,1357.684823,
7.270000,0.822424,-11.535674,1358.749474,
7.280000,0.821193,-11.531810,1359.812971,
7.290000,0.819989,-11.527934,1360.875315,
7.300000,0.818811,-11.524049,1361.936507,
7.310000,0.817657,-11.520154,1362.996546,
7.320000,0.816528,-11.516248,1364.055433,
7.330000,0.815422,-11.512334,1365.113169,
7.340000,0.814338,-11.508411,1366.169753,
7.350000,0.813275,-11.504479,1367.225186,
7.360000,0.812233,-11.500539,1368.279469,
7.370000,0.811212,-11.496591,1369.332602,
7.380000,0.810209,-11.492636,1370.384585,
7.390000,0.809225,-11.488675,1371.435419,
7.400000,0.808259,-11.484707,1372.485104,
7.410000,0.807310,-11.480734,1373.533641,
7.420000,0.806378,-11.476756,1374.581029,
7.430000,0.805461,-11.472773,1375.627270,
7.440000,0.804561,-11.468787,1376.672364,
7.450000,0.803675,-11.464797,1377.716310,
7.460000,0.802803,-11.460804,1378.759111,
7.470000,0.801945,-11.456809,1379.800765,
7.480000,0.801100,-11.452813,1380.841273,
7.490000,0.800268,-11.448816,1381.880636,
7.500000,0.799449,-11.444819,1382.918855,
7.510000,0.798641,-11.440822,1383.955928,
7.520000,0.797845,-11.436826,1384.991858,
7.530000,0.797060,-11.432831,1386.026644,
7.540000,0.796285,-11.428839,1387.060287,
7.550000,0.795521,-11.424850,1388.092787,
7.560000,0.794766,-11.420864,1389.124144,
7.570000,0.794021,-11.416882,1390.154360,
7.580000,0.793286,-11.412905,1391.183433,
7.590000,0.792559,-11.408933,1392.211365,
7.600000,0.791840,-11.404967,1393.238157,
7.610000,0.791130,-11.401008,1394.263808,
7.620000,0.790427,-11.397055,1395.288319,
7.630000,0.789732,-11.393110,1396.311690,
7.640000,0.789045,-11.389174,1397.333922,
7.650000,0.788364,-11.385246,1398.355015,
7.660000,0.787690,-11.381327,1399.374969,
7.670000,0.787023,-11.377418,1400.393785,
7.680000,0.786361,-11.373519,1401.411464,
7.690000,0.785706,-11.369631,1402.428005,
7.700000,0.785057,-11.365755,1403.443409,
7.710000,0.784413,-11.361890,1404.457677,
7.720000,0.783775,-11.358037,1405.470808,
7.730000,0.783141,-11.354196,1406.482804,
7.740000,0.782513,-11.350369,1407.493664,
7.750000,0.781890,-11.346555,1408.503389,
7.760000,0.781271,-11.342754,1409.511980,
7.770000,0.780656,-11.338968,1410.519436,
7.780000,0.780046,-11.335195,1411.525758,
7.790000,0.779440,-11.331438,1412.530947,
7.800000,0.778837,-11.327695,1413.535003,
7.810000,0.778239,-11.323967,1414.537926,
7.820000,0.777644,-11.320254,1415.539716,
7.830000,0.777052,-11.316557,1416.540375,
7.840000,0.776464,-11.312876,1417.539901,
7.850000,0.775879,-11.309211,1418.538297,
7.860000,0.775297,-11.305561,1419.535561,
7.870000,0.774718,-11.301928,1420.531696,
7.880000,0.774142,-11.298311,1421.526699,
7.890000,0.773569,-11.294711,1422.520573,
7.900000,0.772998,-11.291126,1423.513318,
7.910000,0.772429,-11.287558,1424.504933,
7.920000,0.771863,-11.284007,1425.495420,
7.930000,0.771300,-11.280472,1426.484778,
7.940000,0.770738,-11.276953,1427.473009,
7.950000,0.770179,-11.273450,1428.460111,
7.960000,0.769621,-11.269963,1429.446086,
7.970000,0.769066,-11.266492,1430.430935,
7.980000,0.768512,-11.263036,1431.414656,
7.990000,0.767960,-11.259596,1432.397251,
8.000000,0.767410,-11.256171,1433.378721,
8.010000,0.766861,-11.252761,1434.359064,
8.020000,0.766314,-11.249366,1435.338283,
8.030000,0.765768,-11.245985,1436.316376,
8.040000,0.765224,-11.242619,1437.293345,
8.050000,0.764681,-11.239266,1438.269190,
8.060000,0.764139,-11.235927,1439.243910,
8.070000,0.763598,-11.232602,1440.217507,
8.080000,0.763059,-11.229290,1441.189981,
8.090000,0.762520,-11.225990,1442.161332,
8.100000,0.761983,-11.222703,1443.131560,
8.110000,0.761446,-11.219428,1444.100666,
8.120000,0.760911,-11.216165,1445.068651,
8.130000,0.760376,-11.212913,1446.035513,
8.140000,0.759842,-11.209672,1447.001254,
8.150000,0.759309,-11.206442,1447.965874,
8.160000,0.758777,-11.203222,1448.929374,
8.170000,0.758245,-11.200012,1449.891753,
8.180000,0.757714,-11.196812,1450.853012,
8.190000,0.757184,-11.193621,1451.813152,
8.200000,0.756654,-11.190439,1452.772172,
8.210000,0.756124,-11.187265,1453.730073,
8.220000,0.755595,-11.184099,1454.686856,
8.230000,0.755067,-11.180940,1455.642520,
8.240000,0.754539,-11.177789,1456.597066,
8.250000,0.754011,-11.174646,1457.550494,
8.260000,0.753484,-11.171509,1458.502804,
8.270000,0.752957,-11.168380,1459.453998,
8.280000,0.752430,-11.165257,1460.404075,
8.290000,0.751904,-11.162141,1461.353035,
8.300000,0.751378,-11.159033,1462.300879,
8.310000,0.750852,-11.155931,1463.247607,
8.320000,0.750326,-11.152835,1464.193219,
8.330000,0.749800,-11.149746,1465.137716,
8.340000,0.749275,-11.146663,1466.081099,
8.350000,0.748749,-11.143587,1467.023366,
8.360000,0.748224,-11.140517,1467.964519,
8.370000,0.747699,-11.137452,1468.904558,
8.380000,0.747174,-11.134394,1469.843484,
8.390000,0.746649,-11.131342,1470.781296,
8.400000,0.746124,-11.128296,1471.717995,
8.410000,0.745599,-11.125255,1472.653581,
8.420000,0.745073,-11.122220,1473.588054,
8.430000,0.744548,-11.119191,1474.521415,
8.440000,0.744023,-11.116167,1475.453665,
8.450000,0.743498,-11.113148,1476.384802,
8.460000,0.742972,-11.110135,1477.314829,
8.470000,0.742447,-11.107128,1478.243744,
8.480000,0.741921,-11.104126,1479.171549,
8.490000,0.741396,-11.101129,1480.098243,
8.500000,0.740870,-11.098137,1481.023827,
8.510000,0.740344,-11.095151,1481.948301,
8.520000,0.739818,-11.092170,1482.871666,
8.530000,0.739291,-11.089194,1483.793922,
8.540000,0.738765,-11.086223,1484.715068,
8.550000,0.738238,-11.083258,1485.635106,
8.560000,0.737711,-11.080298,1486.554036,
8.570000,0.737184,-11.077342,1487.471858,
8.580000,0.736656,-11.074391,1488.388572,
8.590000,0.736129,-11.071443,1489.304178,
8.600000,0.735601,-11.068498,1490.218677,
8.610000,0.735073,-11.065557,1491.132070,
8.620000,0.734544,-11.062617,1492.044356,
8.630000,0.734015,-11.059679,1492.955536,
8.640000,0.733487,-11.056743,1493.865609,
8.650000,0.732957,-11.053808,1494.774577,
8.660000,0.732428,-11.050873,1495.682440,
8.670000,0.731898,-11.047939,1496.589198,
8.680000,0.731368,-11.045004,1497.494850,
8.690000,0.730837,-11.042070,1498.399399,
8.700000,0.730306,-11.039134,1499.302843,
8.710000,0.729775,-11.036197,1500.205183,
8.720000,0.729244,-11.033259,1501.106419,
8.730000,0.728712,-11.030320,1502.006553,
8.740000,0.728180,-11.027378,1502.905583,
8.750000,0.727647,-11.024434,1503.803510,
8.760000,0.727114,-11.021488,1504.700335,
8.770000,0.726581,-11.018539,1505.596058,
8.780000,0.726048,-11.015587,1506.490679,
8.790000,0.725514,-11.012632,1507.384199,
8.800000,0.724979,-11.009674,1508.276617,
8.810000,0.687168,-11.006712,1509.167934,
8.820000,0.687075,-11.003746,1510.058150,
8.830000,0.687552,-11.000777,1510.947267,
8.840000,0.653601,-10.997803,1511.835283,
8.850000,0.654838,-10.994825,1512.722199,
8.860000,0.623659,-10.991843,1513.608016,
8.870000,0.623978,-10.988856,1514.492733,
8.880000,0.592845,-10.985864,1515.376352,
8.890000,0.590874,-10.982868,1516.258872,
8.900000,0.593858,-10.979868,1517.140294,
8.910000,0.562630,-10.976864,1518.020618,
8.920000,0.563679,-10.973856,1518.899844,
8.930000,0.567343,-10.970845,1519.777973,
8.940000,0.535272,-10.967831,1520.655000,
8.950000,0.539046,-10.964814,1521.530929,
8.960000,0.507356,-10.961795,1522.405764,
8.970000,0.509084,-10.958775,1523.279507,
8.980000,0.514120,-10.955752,1524.152153,
8.990000,0.484974,-10.952729,1525.023704,
9.000000,0.489778,-10.949704,1525.894159,
9.010000,0.467025,-10.946679,1526.763520,
9.020000,0.472359,-10.943653,1527.631778,
9.030000,0.444404,-10.940628,1528.498934,
9.040000,0.449108,-10.937602,1529.364956,
9.050000,0.420646,-10.934578,1530.229939,
9.060000,0.426056,-10.931554,1531.093830,
9.070000,0.433110,-10.928532,1531.956627,
9.080000,0.411515,-10.925512,1532.818331,
9.090000,0.384056,-10.922493,1533.678943,
9.100000,0.389194,-10.919477,1534.538462,
9.110000,0.397129,-10.916464,1535.396890,
9.120000,0.370552,-10.913453,1536.254226,
9.130000,0.371839,-10.910524,1537.110470,
9.140000,0.380157,-10.907669,1537.965624,
9.150000,0.358911,-10.904858,1538.819687,
9.160000,0.333253,-10.902394,1539.672659,
9.170000,0.339557,-10.900065,1540.524541,
9.180000,0.348637,-10.897738,1541.375333,
9.190000,0.324493,-10.895411,1542.225035,
9.200000,0.333097,-10.893085,1543.073648,
9.210000,0.314062,-10.890758,1543.921171,
9.220000,0.322888,-10.888431,1544.767606,
9.230000,0.300161,-10.886102,1545.612951,
9.240000,0.309282,-10.883771,1546.457208,
9.250000,0.285510,-10.881438,1547.300376,
9.260000,0.294739,-10.879102,1548.142457,
9.270000,0.273651,-10.876763,1548.983449,
9.280000,0.281755,-10.874420,1549.823354,
9.290000,0.260891,-10.872073,1550.662171,
9.300000,0.265083,-10.869722,1551.499901,
9.310000,0.275718,-10.867366,1552.336544,
9.320000,0.259088,-10.865004,1553.172101,
9.330000,0.236977,-10.862637,1554.006571,
9.340000,0.246007,-10.860264,1554.839954,
9.350000,0.225387,-10.857885,1555.672252,
9.360000,0.233049,-10.855500,1556.503464,
9.370000,0.244330,-10.853107,1557.333590,
9.380000,0.225051,-10.850708,1558.162631,
9.390000,0.236037,-10.848302,1558.990586,
9.400000,0.215558,-10.845888,1559.817457,
9.410000,0.224768,-10.843467,1560.643243,
9.420000,0.204403,-10.841039,1561.467945,
9.430000,0.214725,-10.838602,1562.291563,
9.440000,0.195303,-10.836158,1563.114080,
9.450000,0.204294,-10.833706,1563.935530,
9.460000,0.186318,-10.831246,1564.755898,
9.470000,0.196437,-10.828778,1565.575182,
9.480000,0.178846,-10.826302,1566.393383,
9.490000,0.185936,-10.823818,1567.210501,
9.500000,0.167226,-10.821326,1568.026537,
9.510000,0.177699,-10.818827,1568.841491,
9.520000,0.158625,-10.816319,1569.655352,
9.530000,0.170932,-10.813804,1570.468143,
9.540000,0.157307,-10.811281,1571.279852,
9.550000,0.169686,-10.808750,1572.090480,
9.560000,0.154649,-10.806211,1572.900027,
9.570000,0.166561,-10.803663,1573.708484,
9.580000,0.150227,-10.801108,1574.515870,
9.590000,0.161505,-10.798543,1575.322136,
9.600000,0.143917,-10.795969,1576.127338,
9.610000,0.155901,-10.793387,1576.931472,
9.620000,0.138317,-10.790795,1577.734539,
9.630000,0.151141,-10.788195,1578.536527,
9.640000,0.133550,-10.785585,1579.337437,
9.650000,0.143606,-10.782965,1580.137268,
9.660000,0.128884,-10.780337,1580.936020,
9.670000,0.141807,-10.777698,1581.733694,
9.680000,0.125486,-10.775051,1582.530291,
9.690000,0.108493,-10.772394,1583.325810,
9.700000,0.116697,-10.769727,1584.120252,
9.710000,0.129826,-10.767052,1584.913617,
9.720000,0.113512,-10.764367,1585.705905,
9.730000,0.121634,-10.761672,1586.497117,
9.740000,0.105435,-10.758969,1587.287224,
9.750000,0.114524,-10.756256,1588.076284,
9.760000,0.099871,-10.753535,1588.864268,
9.770000,0.112336,-10.750805,1589.651174,
9.780000,0.098208,-10.748066,1590.437008,
9.790000,0.110185,-10.745318,1591.221730,
9.800000,0.094506,-10.742563,1592.005414,
9.810000,0.105219,-10.739799,1592.788024,
9.820000,0.089981,-10.737026,1593.569537,
9.830000,0.101994,-10.734246,1594.349977,
9.840000,0.088267,-10.731459,1595.129366,
9.850000,0.099403,-10.728664,1595.907682,
9.860000,0.085407,-10.725861,1596.684902,
9.870000,0.097444,-10.723052,1597.461049,
9.880000,0.084030,-10.720236,1598.236147,
9.890000,0.068904,-10.717414,1599.010173,
9.900000,0.081683,-10.714587,1599.783128,
9.910000,0.068693,-10.711755,1600.555010,
9.920000,0.079915,-10.708919,1601.325822,
9.930000,0.064497,-10.706081,1602.095563,
9.940000,0.076892,-10.703240,1602.864214,
9.950000,0.062184,-10.700397,1603.631811,
9.960000,0.072507,-10.697553,1604.398341,
9.970000,0.058642,-10.694709,1605.163791,
9.980000,0.070307,-10.691865,1605.928182,
9.990000,0.056848,-10.689021,1606.691503,
10.000000,0.069805,-10.686179,1607.453756,
10.010000,0.059590,-10.683339,1608.214940,
10.020000,0.072411,-10.680502,1608.975032,
10.030000,0.059429,-10.677669,1609.734056,
10.040000,0.070906,-10.674839,1610.492036,
10.050000,0.057237,-10.672014,1611.248949,
10.060000,0.069312,-10.669194,1612.004794,
10.070000,0.056983,-10.666379,1612.759572,
10.080000,0.068833,-10.663571,1613.513284,
10.090000,0.056881,-10.660770,1614.265929,
10.100000,0.043235,-10.657976,1615.017508,
10.110000,0.056306,-10.655189,1615.768021,
10.120000,0.045993,-10.652412,1616.517469,
10.130000,0.058354,-10.649643,1617.265852,
10.140000,0.044830,-10.646884,1618.013161,
10.150000,0.058215,-10.644134,1618.759405,
10.160000,0.046389,-10.641395,1619.504594,
10.170000,0.058572,-10.638667,1620.248718,
10.180000,0.047133,-10.635950,1620.991779,
10.190000,0.034057,-10.633245,1621.733776,
10.200000,0.047114,-10.630552,1622.474709,
10.210000,0.036384,-10.627872,1623.214580,
10.220000,0.049111,-10.625204,1623.953364,
10.230000,0.037371,-10.622549,1624.691086,
10.240000,0.048794,-10.619907,1625.427769,
10.250000,0.036865,-10.617278,1626.163390,
10.260000,0.047872,-10.614661,1626.897949,
10.270000,0.038073,-10.612058,1627.631447,
10.280000,0.048352,-10.609467,1628.363884,
10.290000,0.036286,-10.606890,1629.095246,
10.300000,0.049370,-10.604326,1629.825555,
10.310000,0.038411,-10.601775,1630.554779,
10.320000,0.026010,-10.599237,1631.282974,
10.330000,0.038819,-10.596712,1632.010108,
10.340000,0.030693,-10.594200,1632.736183,
10.350000,0.043683,-10.591701,1633.461198,
10.360000,0.034268,-10.589215,1634.185154,
10.370000,0.022140,-10.586742,1634.908052,
10.380000,0.033616,-10.584282,1635.629890,
10.390000,0.022722,-10.581836,1636.350630,
10.400000,0.035210,-10.579402,1637.070320,
10.410000,0.023672,-10.576981,1637.788984,
10.420000,0.036065,-10.574572,1638.506590,
10.430000,0.025269,-10.572177,1639.223139,
10.440000,0.037745,-10.569793,1639.938631,
10.450000,0.028131,-10.567422,1640.653066,
10.460000,0.016455,-10.565064,1641.366444,
10.470000,0.029331,-10.562718,1642.078765,
10.480000,0.022197,-10.560384,1642.790030,
10.490000,0.035861,-10.558061,1643.500240,
10.500000,0.026142,-10.555751,1644.209385,
10.510000,0.014681,-10.553453,1644.917483,
10.520000,0.025743,-10.551166,1645.624525,
10.530000,0.016133,-10.548891,1646.330510,
10.540000,0.027777,-10.546627,1647.035426,
10.550000,0.016417,-10.544375,1647.739301,
10.560000,0.026293,-10.542133,1648.442124,
10.570000,0.015594,-10.539902,1649.143884,
10.580000,0.026552,-10.537682,1649.844599,
10.590000,0.016015,-10.535472,1650.544260,
10.600000,0.028019,-10.533273,1651.242868,
10.610000,0.020243,-10.531084,1651.940422,
10.620000,0.009281,-10.528905,1652.636924,
10.630000,0.020789,-10.526735,1653.332372,
10.640000,0.010297,-10.524576,1654.026768,
10.650000,0.022732,-10.522425,1654.720111,
10.660000,0.014574,-10.520284,1655.412402,
10.670000,0.025648,-10.518152,1656.103642,
10.680000,0.015628,-10.516029,1656.793829,
10.690000,0.024282,-10.513914,1657.482964,
10.700000,0.013659,-10.511808,1658.171049,
10.710000,0.024573,-10.509710,1658.858064,
10.720000,0.015394,-10.507620,1659.544031,
10.730000,0.004894,-10.505538,1660.228963,
10.740000,0.015382,-10.503463,1660.912843,
10.750000,0.005736,-10.501396,1661.595657,
10.760000,0.016551,-10.499335,1662.277437,
10.770000,0.008318,-10.497282,1662.958167,
10.780000,0.018815,-10.495235,1663.637848,
10.790000,0.009457,-10.493194,1664.316437,
10.800000,0.021168,-10.491160,1664.994019,
10.810000,0.012671,-10.489131,1665.670552,
10.820000,0.002514,-10.487109,1666.346035,
10.830000,0.013587,-10.485091,1667.020471,
10.840000,0.003893,-10.483079,1667.693857,
10.850000,0.015739,-10.481072,1668.366195,
10.860000,0.005724,-10.479070,1669.037486,
10.870000,0.014539,-10.477072,1669.707728,
10.880000,0.003789,-10.475078,1670.376922,
10.890000,0.013899,-10.473089,1671.045027,
10.900000,0.005880,-10.471104,1671.712127,
10.910000,0.016096,-10.469123,1672.378157,
10.920000,0.006500,-10.467146,1673.043163,
10.930000,0.014112,-10.465173,1673.707122,
10.940000,0.005631,-10.463203,1674.370034,
10.950000,0.014281,-10.461238,1675.031901,
10.960000,0.005806,-10.459277,1675.692721,
10.970000,0.017324,-10.457319,1676.352492,
10.980000,0.009132,-10.455366,1677.011221,
10.990000,0.019641,-10.453417,1677.668866,
11.000000,0.010222,-10.451471,1678.325503,
11.010000,0.000696,-10.449529,1678.981096,
11.020000,0.011761,-10.447591,1679.635643,
11.030000,0.003245,-10.445656,1680.289146,
11.040000,0.014271,-10.443726,1680.941604,
11.050000,0.005015,-10.441799,1681.593017,
11.060000,0.015697,-10.439875,1682.243387,
11.070000,0.007392,-10.437956,1682.892713,
11.080000,0.017597,-10.436040,1683.540994,
11.090000,0.009158,-10.434127,1684.188232,
11.100000,-0.000081,-10.432218,1684.834427,
11.110000,0.008243,-10.430313,1685.479579,
11.120000,-0.000764,-10.428411,1686.123687,
11.130000,0.006635,-10.426513,1686.766753,
11.140000,0.017705,-10.424618,1687.408776,
11.150000,0.011178,-10.422727,1688.049756,
11.160000,0.002072,-10.420839,1688.689695,
11.170000,0.011209,-10.418955,1689.328591,
11.180000,0.003641,-10.417074,1689.966445,
11.190000,0.013707,-10.415196,1690.603217,
11.200000,0.004977,-10.413322,1691.238988,
11.210000,0.014222,-10.411451,1691.873718,
11.220000,0.005696,-10.409584,1692.507383,
11.230000,-0.003101,-10.407719,1693.140031,
11.240000,0.006477,-10.405859,1693.771637,
11.250000,-0.001085,-10.404001,1694.402204,
11.260000,0.008330,-10.402146,1695.031730,
11.270000,0.000614,-10.400293,1695.660215,
11.280000,0.010154,-10.398444,1696.287661,
11.290000,0.002068,-10.396596,1696.914067,
11.300000,0.011571,-10.394751,1697.539433,
11.310000,0.004519,-10.392907,1698.163759,
11.320000,-0.004006,-10.391065,1698.787047,
11.330000,0.004294,-10.389225,1699.409295,
11.340000,-0.004119,-10.387386,1700.030501,
11.350000,0.003905,-10.385548,1700.650672,
11.360000,0.014377,-10.383712,1701.269804,
11.370000,0.006048,-10.381876,1701.887897,
11.380000,-0.002342,-10.380041,1702.504953,
11.390000,0.007280,-10.378207,1703.120970,
11.400000,-0.000847,-10.376373,1703.735950,
11.410000,0.006198,-10.374539,1704.349892,
11.420000,-0.001650,-10.372706,1704.962797,
11.430000,0.007853,-10.370872,1705.574664,
11.440000,-0.000012,-10.369039,1706.185494,
11.450000,0.009967,-10.367205,1706.795287,
11.460000,0.002618,-10.365371,1707.404044,
11.470000,0.011446,-10.363537,1708.011764,
11.480000,0.005434,-10.361702,1708.618448,
11.490000,-0.002651,-10.359866,1709.224095,
11.500000,0.006794,-10.358030,1709.828682,
11.510000,-0.000787,-10.356193,1710.432245,
11.520000,0.008870,-10.354356,1711.034774,
11.530000,0.001152,-10.352517,1711.636279,
11.540000,0.008168,-10.350677,1712.236749,
11.550000,0.000191,-10.348836,1712.836183,
11.560000,0.008059,-10.346994,1713.434582,
11.570000,0.000551,-10.345150,1714.031947,
11.580000,0.009204,-10.343305,1714.628277,
11.590000,0.002010,-10.341459,1715.223573,
11.600000,0.011422,-10.339612,1715.817791,
11.610000,0.004053,-10.337763,1716.411003,
11.620000,-0.003670,-10.335913,1717.003197,
11.630000,0.005434,-10.334062,1717.594327,
11.640000,-0.001159,-10.332209,1718.184410,
11.650000,0.007934,-10.330356,1718.773477,
11.660000,0.002070,-10.328501,1719.361479,
11.670000,-0.005489,-10.326645,1719.948507,
11.680000,0.003157,-10.324789,1720.534464,
11.690000,-0.002399,-10.322931,1721.119427,
11.700000,0.005353,-10.321072,1721.703357,
11.710000,-0.000193,-10.319213,1722.286256,
11.720000,0.008965,-10.317353,1722.868122,
11.730000,0.005073,-10.315492,1723.448957,
11.740000,-0.002367,-10.313630,1724.028760,
11.750000,0.006679,-10.311768,1724.607532,
11.760000,0.001234,-10.309906,1725.185273,
11.770000,-0.006062,-10.308042,1725.761983,
11.780000,0.002229,-10.306179,1726.337662,
11.790000,-0.004380,-10.304315,1726.912310,
11.800000,0.004619,-10.302452,1727.485880,
11.810000,-0.002155,-10.300587,1728.058453,
11.820000,0.006785,-10.298723,1728.629994,
11.830000,0.000227,-10.296859,1729.200490,
11.840000,0.008379,-10.294995,1729.769941,
11.850000,0.001171,-10.293131,1730.338409,
11.860000,-0.005907,-10.291267,1730.905848,
11.870000,0.001170,-10.289404,1731.472258,
11.880000,-0.005479,-10.287541,1732.037640,
11.890000,0.002912,-10.285678,1732.601992,
11.900000,-0.002395,-10.283816,1733.165316,
11.910000,0.005080,-10.281954,1733.727611,
11.920000,-0.000585,-10.280093,1734.288876,
11.930000,0.008118,-10.278233,1734.849103,
11.940000,0.002542,-10.276374,1735.408314,
11.950000,-0.004347,-10.274515,1735.966498,
11.960000,0.002739,-10.272658,1736.523654,
11.970000,-0.002596,-10.270802,1737.079783,
11.980000,0.005597,-10.268946,1737.634885,
11.990000,-0.000629,-10.267092,1738.188960,
12.000000,0.007784,-10.265239,1738.742009,
12.010000,0.003135,-10.263387,1739.294030,
12.020000,-0.003603,-10.261537,1739.845026,
12.030000,0.004423,-10.259688,1740.394995,
12.040000,-0.001929,-10.257841,1740.943939,
12.050000,0.006380,-10.255995,1741.491856,
12.060000,0.000047,-10.254150,1742.038748,
12.070000,0.007456,-10.252307,1742.584615,
12.080000,0.001168,-10.250466,1743.129456,
12.090000,-0.005377,-10.248627,1743.673273,
12.100000,0.002605,-10.246789,1744.216064,
12.110000,-0.002764,-10.244954,1744.757831,
12.120000,0.004231,-10.243120,1745.298573,
12.130000,-0.001116,-10.241288,1745.838291,
12.140000,0.004849,-10.239458,1746.376985,
12.150000,-0.000555,-10.237631,1746.914655,
12.160000,0.007167,-10.235805,1747.451299,
12.170000,0.002136,-10.233982,1747.986922,
12.180000,-0.004223,-10.232161,1748.521521,
12.190000,0.003451,-10.230343,1749.055042,
12.200000,-0.002659,-10.228526,1749.587595,
12.210000,0.004421,-10.226713,1750.119125,
12.220000,-0.001546,-10.224901,1750.649609,
12.230000,0.005974,-10.223093,1751.179094,
12.240000,0.000698,-10.221286,1751.707556,
12.250000,-0.005486,-10.219483,1752.234997,
12.260000,0.002599,-10.217682,1752.761415,
12.270000,-0.002973,-10.215883,1753.286812,
12.280000,0.003628,-10.214088,1753.811187,
12.290000,-0.001709,-10.212295,1754.334541,
12.300000,0.005637,-10.210506,1754.856874,
12.310000,0.002413,-10.208719,1755.378185,
12.320000,-0.003650,-10.206935,1755.898476,
12.330000,0.001375,-10.205154,1756.417746,
12.340000,-0.003171,-10.203376,1756.935995,
12.350000,0.002824,-10.201602,1757.453224,
12.360000,-0.002322,-10.199830,1757.969433,
12.370000,0.004195,-10.198062,1758.484622,
12.380000,-0.001224,-10.196297,1758.998726,
12.390000,0.005941,-10.194536,1759.511817,
12.400000,0.000202,-10.192778,1760.023947,
12.410000,-0.005636,-10.191023,1760.535058,
12.420000,0.001841,-10.189271,1761.045150,
12.430000,-0.003345,-10.187523,1761.554223,
12.440000,0.004029,-10.185779,1762.062276,
12.450000,-0.001408,-10.184038,1762.569312,
12.460000,0.005923,-10.182300,1763.075329,
12.470000,0.000940,-10.180566,1763.580328,
12.480000,-0.004767,-10.178836,1764.084308,
12.490000,0.002454,-10.177109,1764.587271,
12.500000,-0.000717,-10.175386,1765.089216,
12.510000,0.006237,-10.173667,1765.590144,
12.520000,0.003743,-10.171952,1766.090054,
12.530000,-0.001908,-10.170240,1766.588947,
12.540000,0.003796,-10.168532,1767.086823,
12.550000,0.000186,-10.166828,1767.583682,
12.560000,-0.005351,-10.165128,1768.079525,
12.570000,0.000813,-10.163432,1768.574351,
12.580000,-0.004201,-10.161740,1769.068090,
12.590000,0.002571,-10.160052,1769.560822,
12.600000,-0.002721,-10.158368,1770.052599,
12.610000,0.003537,-10.156687,1770.543361,
12.620000,-0.001630,-10.155011,1771.033083,
12.630000,0.005002,-10.153338,1771.521814,
12.640000,0.000440,-10.151670,1772.009529,
12.650000,-0.004921,-10.150005,1772.496229,
12.660000,0.001654,-10.148344,1772.981914,
12.670000,-0.003608,-10.146688,1773.466584,
12.680000,0.002968,-10.145035,1773.950239,
12.690000,-0.002074,-10.143386,1774.432880,
12.700000,0.003240,-10.141742,1774.914507,
12.710000,-0.000714,-10.140101,1775.395119,
12.720000,0.004981,-10.138465,1775.874717,
12.730000,0.000924,-10.136832,1776.353302,
12.740000,-0.004263,-10.135204,1776.830873,
12.750000,0.001054,-10.133579,1777.307430,
12.760000,-0.003371,-10.131958,1777.782974,
12.770000,0.002379,-10.130342,1778.257505,
12.780000,-0.002324,-10.128730,1778.730947,
12.790000,0.003994,-10.127122,1779.203386,
12.800000,-0.000950,-10.125517,1779.674878,
12.810000,0.004891,-10.123916,1780.145358,
12.820000,0.000064,-10.122319,1780.614802,
12.830000,-0.004952,-10.120726,1781.083257,
12.840000,0.001014,-10.119136,1781.550700,
12.850000,-0.003219,-10.117551,1782.017131,
12.860000,0.003365,-10.115969,1782.482550,
12.870000,-0.001286,-10.114391,1782.946958,
12.880000,0.005029,-10.112817,1783.410354,
12.890000,0.001194,-10.111246,1783.872739,
12.900000,-0.003711,-10.109680,1784.334113,
12.910000,0.002227,-10.108117,1784.794476,
12.920000,-0.002287,-10.106557,1785.253828,
12.930000,0.003481,-10.105002,1785.712165,
12.940000,0.000433,-10.103450,1786.169496,
12.950000,-0.004321,-10.101901,1786.625816,
12.960000,0.001508,-10.100356,1787.081126,
12.970000,-0.002169,-10.098815,1787.535427,
12.980000,0.003878,-10.097278,1787.988657,
12.990000,-0.000390,-10.095745,1788.440837,
13.000000,-0.005093,-10.094214,1788.892108,
13.010000,-0.000581,-10.092687,1789.342370,
13.020000,0.005751,-10.091163,1789.791622,
13.030000,0.001475,-10.089643,1790.239819,
13.040000,-0.003186,-10.088126,1790.687054,
13.050000,0.002086,-10.086612,1791.133279,
13.060000,-0.002397,-10.085102,1791.578496,
13.070000,0.003162,-10.083595,1792.022705,
13.080000,-0.000254,-10.082091,1792.465905,
13.090000,-0.004803,-10.080591,1792.908097,
13.100000,0.001074,-10.079094,1793.349280,
13.110000,-0.002521,-10.077600,1793.789456,
13.120000,0.002845,-10.076110,1794.228624,
13.130000,-0.000915,-10.074623,1794.666782,
13.140000,0.005084,-10.073139,1795.103926,
13.150000,0.002014,-10.071659,1795.540072,
13.160000,-0.002445,-10.070182,1795.975210,
13.170000,0.002563,-10.068708,1796.409342,
13.180000,-0.001509,-10.067239,1796.842378,
13.190000,0.004000,-10.065772,1797.274420,
13.200000,-0.000263,-10.064309,1797.705532,
13.210000,-0.004610,-10.062848,1798.135637,
13.220000,0.001120,-10.061391,1798.564735,
13.230000,-0.002731,-10.059937,1798.992828,
13.240000,0.002884,-10.058487,1799.419915,
13.250000,-0.001034,-10.057040,1799.845995,
13.260000,0.004442,-10.055596,1800.271047,
13.270000,0.000234,-10.054155,1800.695093,
13.280000,-0.004006,-10.052718,1801.118157,
13.290000,0.001651,-10.051284,1801.540215,
13.300000,-0.001978,-10.049853,1801.961269,
13.310000,0.003011,-10.048425,1802.381318,
13.320000,-0.000276,-10.047000,1802.800362,
13.330000,-0.004429,-10.045579,1803.218401,
13.340000,0.000133,-10.044160,1803.635435,
13.350000,-0.002640,-10.042745,1804.051465,
13.360000,0.002420,-10.041333,1804.466491,
13.370000,-0.000740,-10.039924,1804.880513,
13.380000,0.004469,-10.038518,1805.293531,
13.390000,0.000794,-10.037117,1805.705428,
13.400000,-0.003262,-10.035717,1806.116438,
13.410000,0.000624,-10.034321,1806.526445,
13.420000,-0.003249,-10.032927,1806.935448,
13.430000,0.002139,-10.031536,1807.343448,
13.440000,-0.001202,-10.030149,1807.750445,
13.450000,0.003628,-10.028764,1808.156438,
13.460000,0.000082,-10.027382,1808.561429,
13.470000,-0.003856,-10.026003,1808.965417,
13.480000,0.001037,-10.024627,1809.368403,
13.490000,-0.001934,-10.023254,1809.770386,
13.500000,0.000833,-10.021883,1810.171367,
13.510000,-0.000389,-10.020515,1810.571345,
13.520000,-0.004250,-10.019149,1810.970322,
13.530000,-0.000503,-10.017786,1811.368296,
13.540000,0.004756,-10.016425,1811.765269,
13.550000,0.002132,-10.015067,1812.161240,
13.560000,-0.001694,-10.013710,1812.556210,
13.570000,0.002641,-10.012356,1812.950178,
13.580000,-0.000894,-10.011005,1813.343145,
13.590000,0.004048,-10.009655,1813.735111,
13.600000,0.000462,-10.008308,1814.126076,
13.610000,-0.003272,-10.006962,1814.516040,
13.620000,0.001683,-10.005619,1814.905004,
13.630000,-0.001948,-10.004277,1815.292967,
13.640000,0.002537,-10.002937,1815.679929,
13.650000,-0.000573,-10.001600,1816.065891,
13.660000,-0.004220,-10.000263,1816.450853,
13.670000,-0.000378,-9.998929,1816.834815,
13.680000,-0.004730,-9.997596,1817.217777,
13.690000,0.000074,-9.996265,1817.599740,
13.700000,-0.003528,-9.994936,1817.980702,
13.710000,0.000106,-9.993608,1818.360666,
13.720000,-0.003285,-9.992282,1818.739629,
13.730000,0.000095,-9.990957,1819.117594,
13.740000,-0.001910,-9.989633,1819.494560,
13.750000,0.001609,-9.988311,1819.870526,
13.760000,-0.001466,-9.986990,1820.245494,
13.770000,0.003316,-9.985671,1820.619455,
13.780000,0.000365,-9.984353,1820.992337,
13.790000,-0.003111,-9.983036,1821.364300,
13.800000,0.001525,-9.981722,1821.735182,
13.810000,-0.001018,-9.980408,1822.105075,
13.820000,0.003751,-9.979094,1822.474043,
13.830000,0.000635,-9.977782,1822.841961,
13.840000,-0.002776,-9.976470,1823.208943,
13.850000,0.001190,-9.975160,1823.574927,
13.860000,-0.002087,-9.973850,1823.939914,
13.870000,0.002082,-9.972541,1824.303903,
13.880000,-0.000346,-9.971233,1824.666895,
13.890000,0.001985,-9.969926,1825.028890,
13.900000,0.000243,-9.968620,1825.389888,
13.910000,-0.003071,-9.967315,1825.749889,
13.920000,0.000625,-9.966011,1826.108894,
13.930000,-0.001338,-9.964708,1826.466873,
13.940000,0.003222,-9.963406,1826.823847,
13.950000,0.001006,-9.962104,1827.179862,
13.960000,-0.002245,-9.960803,1827.534881,
13.970000,0.001498,-9.959503,1827.888903,
13.980000,-0.001568,-9.958204,1828.241928,
13.990000,0.002555,-9.956907,1828.593857,
14.000000,-0.000487,-9.955611,1828.944794,
14.010000,0.003174,-9.954315,1829.294766,
14.020000,-0.000028,-9.953019,1829.643801,
14.030000,-0.003178,-9.951723,1829.991850,
14.040000,0.000755,-9.950430,1830.338814,
14.050000,-0.002376,-9.949137,1830.684801,
14.060000,0.001204,-9.947844,1831.029808,
14.070000,-0.001753,-9.946552,1831.373843,
14.080000,0.002149,-9.945261,1831.716869,
14.090000,0.000061,-9.943970,1832.058949,
14.100000,-0.002998,-9.942680,1832.400034,
14.110000,0.000757,-9.941390,1832.740105
14.120000,-0.001342,-9.940101,1833.079202,
14.130000,0.002743,-9.938813,1833.417279,
14.140000,0.000860,-9.937525,1833.754388,
14.150000,-0.002119,-9.936238,1834.090504,
14.160000,0.001637,-9.934952,1834.425625,
14.170000,-0.000956,-9.933666,1834.759700,
14.180000,0.002709,-9.932382,1835.092751,
14.190000,-0.000267,-9.931099,1835.424745,
14.200000,-0.003203,-9.929814,1835.755894,
14.210000,-0.000258,-9.928531,1836.086030,
14.220000,-0.003169,-9.927248,1836.415183,
14.230000,0.000637,-9.925966,1836.743281,
14.240000,-0.002228,-9.924684,1837.070459,
14.250000,0.001820,-9.923402,1837.396644,
14.260000,-0.000987,-9.922121,1837.721836,
14.270000,0.002791,-9.920841,1838.046037,
14.280000,0.000364,-9.919561,1838.369245,
14.290000,-0.002472,-9.918281,1838.691462,
14.300000,0.001018,-9.917002,1839.012686,
14.310000,-0.000751,-9.915723,1839.332919,
14.320000,0.002350,-9.914445,1839.652160,
14.330000,0.000705,-9.913167,1839.970410,
14.340000,-0.002062,-9.911889,1840.287669,
14.350000,0.000922,-9.910612,1840.603936,
14.360000,-0.001425,-9.909335,1840.919213,
14.370000,0.002088,-9.908059,1841.233398,
14.380000,-0.000418,-9.906784,1841.546555,
14.390000,0.003338,-9.905508,1841.858859,
14.400000,0.000750,-9.904233,1842.170172,
14.410000,-0.001953,-9.902957,1842.480495,
14.420000,0.001692,-9.901682,1842.789828,
14.430000,-0.000981,-9.900407,1843.098170,
14.440000,0.002719,-9.899132,1843.405523,
14.450000,0.000644,-9.897858,1843.711886,
14.460000,-0.002001,-9.896583,1844.017258,
14.470000,0.000817,-9.895309,1844.321641,
14.480000,-0.002484,-9.894035,1844.625035,
14.490000,0.001010,-9.892762,1844.927378,
14.500000,-0.000895,-9.891488,1845.228792,
14.510000,0.002588,-9.890215,1845.529177,
14.520000,0.000818,-9.888942,1845.828613,
14.530000,-0.001752,-9.887669,1846.127061,
14.540000,0.001305,-9.886396,1846.424520,
14.550000,-0.001239,-9.885123,1846.720991,
14.560000,0.001623,-9.883850,1847.016473,
14.570000,-0.000770,-9.882577,1847.310957,
14.580000,0.002351,-9.881304,1847.604462,
14.590000,-0.000072,-9.880032,1847.896980,
14.600000,-0.002558,-9.878759,1848.188509,
14.610000,-0.000131,-9.877486,1848.479050,
14.620000,-0.003467,-9.876214,1848.768604,
14.630000,0.000458,-9.874941,1849.057169,
14.640000,-0.001835,-9.873669,1849.344748,
14.650000,0.001494,-9.872397,1849.631293,
14.660000,-0.000931,-9.871125,1849.916897,
14.670000,0.002219,-9.869852,1850.201514,
14.680000,0.000047,-9.868580,1850.485144,
14.690000,-0.002348,-9.867307,1850.767786,
14.700000,0.000961,-9.866035,1851.049443,
14.710000,-0.000381,-9.864762,1851.330112,
14.720000,0.003391,-9.863490,1851.609795,
14.730000,0.001401,-9.862218,1851.888492,
14.740000,-0.000960,-9.860945,1852.166202,
14.750000,0.001871,-9.859673,1852.442927,
14.760000,0.000194,-9.858401,1852.718665,
14.770000,-0.002117,-9.857128,1852.993418,
14.780000,0.000788,-9.855857,1853.267095,
14.790000,-0.001510,-9.854587,1853.539706,
14.800000,0.001742,-9.853317,1853.811364,
14.810000,-0.000150,-9.852046,1854.082070,
14.820000,-0.002415,-9.850774,1854.351894,
14.830000,0.000579,-9.849503,1854.620643,
14.840000,-0.001628,-9.848232,1854.888499,
14.850000,0.001484,-9.846960,1855.155345,
14.860000,-0.000118,-9.845689,1855.421231,
14.870000,-0.002336,-9.844417,1855.686132,
14.880000,0.000770,-9.843146,1855.950049,
14.890000,-0.001259,-9.841874,1856.212981,
14.900000,0.001655,-9.840603,1856.474930,
14.910000,-0.000271,-9.839332,1856.735894,
14.920000,-0.002440,-9.838060,1856.995874,
14.930000,0.000657,-9.836789,1857.254871,
14.940000,-0.001116,-9.835519,1857.512883,
14.950000,0.001708,-9.834248,1857.769913,
14.960000,0.000170,-9.832977,1858.025958,
14.970000,-0.001957,-9.831706,1858.281021,
14.980000,0.000720,-9.830437,1858.535008,
14.990000,-0.001390,-9.829169,1858.787933,
15.000000,0.001607,-9.827900,1859.039895,
15.010000,-0.000210,-9.826632,1859.290905,
15.020000,-0.002289,-9.825362,1859.541051,
15.030000,0.000470,-9.824093,1859.790118,
15.040000,-0.001424,-9.822824,1860.038221,
15.050000,0.001481,-9.821554,1860.285422,
15.060000,-0.000547,-9.820285,1860.531641,
15.070000,0.002360,-9.819015,1860.776877,
15.080000,0.000333,-9.817745,1861.021132,,
15.090000,-0.001690,-9.816476,1861.264405,
15.100000,0.000805,-9.815207,1861.506696,
15.110000,-0.000853,-9.813938,1861.748006,
15.120000,0.001874,-9.812669,1861.988335,
15.130000,0.000843,-9.811400,1862.227682,
15.140000,-0.001142,-9.810131,1862.466048,
15.150000,0.001400,-9.808862,1862.703433,
15.160000,-0.000420,-9.807593,1862.939837,
15.170000,0.001922,-9.806324,1863.175260,
15.180000,0.000287,-9.805057,1863.409584,
15.190000,-0.001651,-9.803789,1863.643043,
15.200000,0.001007,-9.802522,1863.875366,
15.210000,-0.000813,-9.801254,1864.106809,
15.220000,0.001827,-9.799986,1864.337278,
15.230000,0.000105,-9.798719,1864.566712,
15.240000,-0.001791,-9.797450,1864.795274,
15.250000,0.000729,-9.796182,1865.022746,
15.260000,-0.001153,-9.794915,1865.249243,
15.270000,0.001375,-9.793647,1865.474778,
15.280000,-0.000248,-9.792379,1865.699287,
15.290000,-0.002101,-9.791110,1865.922951,
15.300000,0.000211,-9.789840,1866.145607,
15.310000,-0.001104,-9.788571,1866.367314,
15.320000,0.001173,-9.787301,1866.588036,
15.330000,-0.000537,-9.786031,1866.807721,
15.340000,0.001359,-9.784761,1867.026491,
15.350000,0.000125,-9.783491,1867.244273,
15.360000,-0.001677,-9.782220,1867.461076,
15.370000,0.000457,-9.780949,1867.676911,
15.380000,-0.001034,-9.779679,1867.891642,
15.390000,0.001525,-9.778407,1868.105518,
15.400000,-0.000157,-9.777138,1868.318247,
15.410000,-0.001919,-9.775866,1868.530170,
15.420000,0.000525,-9.774594,1868.741059,
15.430000,-0.001045,-9.773323,1868.950908,
15.440000,0.001461,-9.772050,1869.159844,
15.450000,0.000073,-9.770778,1869.367759,
15.460000,-0.001653,-9.769505,1869.574768,
15.470000,0.000297,-9.768231,1869.780819,
15.480000,-0.000976,-9.766957,1869.985882,
15.490000,0.001042,-9.765682,1870.189979,
15.500000,-0.000133,-9.764407,1870.393109,
15.510000,-0.001822,-9.763131,1870.595262,
15.520000,0.000185,-9.761855,1870.796439,
15.530000,-0.001149,-9.760579,1870.996640,
15.540000,0.000607,-9.759302,1871.195865,
15.550000,-0.000517,-9.758025,1871.394113,
15.560000,0.001608,-9.756748,1871.591386,
15.570000,0.000088,-9.755470,1871.787683,
15.580000,-0.001555,-9.754192,1871.983005,
15.590000,0.000624,-9.752915,1872.177215,
15.600000,-0.001006,-9.751639,1872.370383,
15.610000,0.001330,-9.750362,1872.562595,
15.620000,-0.000296,-9.749082,1872.753998,
15.630000,0.001851,-9.747803,1872.944325,
15.640000,0.000234,-9.746523,1873.133737,
15.650000,-0.001363,-9.745242,1873.322234,
15.660000,0.000476,-9.743960,1873.509756,
15.670000,-0.000459,-9.742678,1873.696304,
15.680000,0.001730,-9.741396,1873.881813,
15.690000,0.000160,-9.740113,1874.066412,
15.700000,-0.001404,-9.738830,1874.250038,
15.710000,0.000489,-9.737546,1874.432689,
15.720000,-0.000986,-9.736263,1874.614342,
15.730000,0.001129,-9.734978,1874.795046,
15.740000,0.000212,-9.733693,1874.974776,
15.750000,-0.001321,-9.732408,1875.153533,
15.760000,0.000430,-9.731122,1875.331317,
15.770000,-0.001014,-9.729836,1875.508119,
15.780000,0.000918,-9.728552,1875.683835,
15.790000,-0.000596,-9.727265,1875.858697,
15.800000,0.001484,-9.725980,1876.032409,
15.810000,-0.000019,-9.724695,1876.205160,
15.820000,-0.001507,-9.723408,1876.377106,
15.830000,0.000488,-9.722121,1876.547962,
15.840000,-0.000992,-9.720834,1876.717901,
15.850000,0.000832,-9.719547,1876.886834,
15.860000,-0.000638,-9.718259,1877.054791,
15.870000,0.001293,-9.716971,1877.221795,
15.880000,0.000306,-9.715682,1877.387910,
15.890000,-0.001144,-9.714392,1877.553054,
15.900000,0.000428,-9.713102,1877.717226,
15.910000,-0.000606,-9.711811,1877.880427,
15.920000,0.001241,-9.710522,1878.042548,
15.930000,-0.000191,-9.709234,1878.203638,
15.940000,-0.001608,-9.707943,1878.363898,
15.950000,-0.000032,-9.706652,1878.523215,
15.960000,-0.001215,-9.705360,1878.681561,
15.970000,0.000740,-9.704069,1878.838930,
15.980000,-0.000426,-9.702779,1878.995191,
15.990000,0.001589,-9.701486,1879.150621,
16.000000,0.000270,-9.700196,1879.304905,
16.010000,-0.001112,-9.698905,1879.458329,
16.020000,0.000813,-9.697613,1879.610781,
16.030000,-0.000420,-9.696322,1879.762216,
16.040000,0.001556,-9.695029,1879.912734,
16.050000,0.000195,-9.693736,1880.062350,
16.060000,-0.001161,-9.692442,1880.210997,
16.070000,0.000327,-9.691148,1880.358675,
16.080000,-0.000942,-9.689854,1880.505383,
16.090000,0.000758,-9.688560,1880.651123,
16.100000,-0.000280,-9.687266,1880.795893,
16.110000,0.001370,-9.685972,1880.939695,
16.120000,0.000441,-9.684677,1881.082528,
16.130000,-0.000882,-9.683382,1881.224393,
16.140000,0.000740,-9.682088,1881.365290,
16.150000,-0.000133,-9.680793,1881.505218,
16.160000,-0.001435,-9.679498,1881.644178,
16.170000,0.000165,-9.678204,1881.782081,
16.180000,-0.001129,-9.676911,1881.918933,
16.190000,0.000745,-9.675618,1882.054806,
16.200000,-0.000544,-9.674326,1882.189694,
16.210000,0.001312,-9.673033,1882.323633,
16.220000,0.000026,-9.671738,1882.456766,
16.230000,-0.001246,-9.670442,1882.588953,
16.240000,0.000401,-9.669149,1882.720054,
16.250000,-0.000642,-9.667855,1882.850187,
16.260000,0.001184,-9.666561,1882.979373,
16.270000,0.000109,-9.665267,1883.107564,
16.280000,-0.001140,-9.663972,1883.234864,
16.290000,0.000542,-9.662679,1883.361111,
16.300000,-0.000638,-9.661384,1883.486473,
16.310000,0.000790,-9.660089,1883.610927,
16.320000,-0.000134,-9.658793,1883.734416,
16.330000,-0.001360,-9.657498,1883.856939,
16.340000,0.000145,-9.656203,1883.978496,
16.350000,-0.000663,-9.654908,1884.099088,
16.360000,0.000909,-9.653613,1884.218714,
16.370000,-0.000282,-9.652318,1884.337374,
16.380000,0.001301,-9.651023,1884.455070,
16.390000,0.000228,-9.649729,1884.571800,
16.400000,-0.000972,-9.648434,1884.687565,
16.410000,0.000306,-9.647140,1884.802366,
16.420000,-0.000817,-9.645846,1884.916201,
16.430000,0.000774,-9.644552,1885.029073,
16.440000,-0.000208,-9.643259,1885.140979,
16.450000,-0.001386,-9.641966,1885.251922,
16.460000,0.000249,-9.640673,1885.361900,
16.470000,-0.000746,-9.639380,1885.470914,
16.480000,0.000579,-9.638088,1885.578964,
16.490000,-0.000803,-9.636796,1885.686051,
16.500000,0.000685,-9.635504,1885.792173,
16.510000,-0.000268,-9.634213,1885.897312,
16.520000,0.001041,-9.632922,1886.001508,
16.530000,0.000375,-9.631632,1886.104740,
16.540000,-0.000768,-9.630342,1886.207010,
16.550000,0.000510,-9.629053,1886.308316,
16.560000,-0.000448,-9.627764,1886.408659,
16.570000,0.001191,-9.626475,1886.508040,
16.580000,0.000146,-9.625188,1886.606458,
16.590000,-0.000984,-9.623901,1886.703913,
16.600000,0.000593,-9.622614,1886.800406,
16.610000,-0.000215,-9.621328,1886.895937,
16.620000,-0.001332,-9.620043,1886.990506,
16.630000,0.000169,-9.618759,1887.084112,
16.640000,-0.000750,-9.617475,1887.176757,
16.650000,0.000796,-9.616193,1887.268440,
16.660000,-0.000312,-9.614911,1887.359161,
16.670000,0.001139,-9.613630,1887.448921,
16.680000,0.000129,-9.612350,1887.537720,
16.690000,-0.000969,-9.611071,1887.625557,
16.700000,0.000533,-9.609793,1887.712433,
16.710000,-0.000086,-9.608516,1887.798348,
16.720000,-0.001173,-9.607240,1887.883303,
16.730000,0.000923,-9.605966,1887.967296,
16.740000,-0.000071,-9.604693,1888.050300,
16.750000,-0.001150,-9.603421,1888.132373,
16.760000,0.000282,-9.602150,1888.213485,
16.770000,-0.000548,-9.600882,1888.293549,
16.780000,0.001011,-9.599616,1888.372549,
16.790000,-0.000062,-9.598353,1888.450593,
16.800000,-0.001126,-9.597087,1888.527863,
16.810000,-0.000165,-9.595824,1888.604175,
16.820000,-0.001167,-9.594563,1888.679435,
16.830000,0.000268,-9.593305,1888.753701,
16.840000,-0.000787,-9.592048,1888.827052,
16.850000,0.000660,-9.590793,1888.899408,
16.860000,-0.000372,-9.589538,1888.970924,
16.870000,0.000849,-9.588285,1889.041480,
16.880000,-0.000134,-9.587034,1889.111079,
16.890000,-0.001175,-9.585785,1889.179718,
16.900000,0.000278,-9.584539,1889.247399,
16.910000,-0.000575,-9.583294,1889.314121,
16.920000,0.000817,-9.582052,1889.379885,
16.930000,-0.000148,-9.580812,1889.444691,
16.940000,-0.001177,-9.579575,1889.508539,
16.950000,0.000083,-9.578340,1889.571428,
16.960000,-0.000633,-9.577107,1889.633360,
16.970000,0.000810,-9.575878,1889.694326,
16.980000,-0.000044,-9.574653,1889.754186,
16.990000,-0.001063,-9.573429,1889.813237,
17.000000,0.000367,-9.572211,1889.871161,
17.010000,-0.000648,-9.570995,1889.928128,
17.020000,0.000832,-9.569780,1889.984289,
17.030000,-0.000079,-9.568570,1890.039390,
17.040000,-0.001087,-9.567362,1890.093654,
17.050000,0.000178,-9.566158,1890.146874,
17.060000,-0.000828,-9.564958,1890.199132,
17.070000,0.000448,-9.563761,1890.250440,
17.080000,-0.000544,-9.562566,1890.300887,
17.090000,0.000760,-9.561376,1890.350379,
17.100000,-0.000178,-9.560189,1890.398914,
17.110000,0.001175,-9.559006,1890.446493,
17.120000,0.000373,-9.557827,1890.493116,
17.130000,-0.000623,-9.556652,1890.538784,
17.140000,0.000550,-9.555481,1890.583496,
17.150000,-0.000104,-9.554316,1890.627252,
17.160000,-0.001091,-9.553154,1890.670053,
17.170000,0.000104,-9.551997,1890.711898,
17.180000,-0.000716,-9.550848,1890.752634,
17.190000,0.000724,-9.549701,1890.792569,
17.200000,-0.000207,-9.548559,1890.831549,
17.210000,0.000980,-9.547422,1890.869574,
17.220000,0.000050,-9.546290,1890.906645,
17.230000,-0.000929,-9.545164,1890.942761,
17.240000,0.000331,-9.544044,1890.977923,
17.250000,-0.000632,-9.542929,1891.012116,
17.260000,0.000509,-9.541820,1891.045369,
17.270000,-0.000211,-9.540718,1891.077668,
17.280000,0.001102,-9.539621,1891.109012,
17.290000,0.000528,-9.538530,1891.139403,
17.300000,-0.000446,-9.537446,1891.168839,
17.310000,0.000653,-9.536369,1891.197323,
17.320000,-0.000117,-9.535298,1891.224852,
17.330000,-0.001084,-9.534234,1891.251428,
17.340000,-0.000049,-9.533178,1891.277050,
17.350000,-0.000695,-9.532128,1891.301719,
17.360000,0.000557,-9.531086,1891.325435,
17.370000,-0.000166,-9.530052,1891.348198,
17.380000,0.001077,-9.529028,1891.369869,
17.390000,0.000108,-9.528009,1891.390722,
17.400000,-0.000854,-9.526998,1891.410626,
17.410000,0.000144,-9.525996,1891.429578,
17.420000,-0.000766,-9.525004,1891.447474,
17.430000,0.000537,-9.524021,1891.464389,
17.440000,-0.000424,-9.523046,1891.480393,
17.450000,0.000963,-9.522079,1891.495535,
17.460000,0.000153,-9.521121,1891.509724,
17.470000,-0.000805,-9.520172,1891.522961,
17.480000,0.000165,-9.519233,1891.535247,
17.490000,-0.000719,-9.518304,1891.546580,
17.500000,0.001156,-9.517385,1891.556962,
17.510000,0.000465,-9.516476,1891.566391,
17.520000,-0.000492,-9.515578,1891.574870,
17.530000,0.000732,-9.514693,1891.582246,
17.540000,-0.000226,-9.513816,1891.588817,
17.550000,0.000793,-9.512950,1891.594441,
17.560000,0.000113,-9.512096,1891.599113,
17.570000,-0.000840,-9.511253,1891.602835,
17.580000,0.000388,-9.510422,1891.605605,
17.590000,-0.000458,-9.509606,1891.607265,
17.600000,0.000931,-9.508803,1891.607935