periodo(ms),ax2_Raw,ay2_Raw,az2_Raw,gx2_Raw,gy2_Raw,gz2_Raw,lastCantAngle(Â°),altitude(m),
10,4262,1442,823,-167,71,-149,0,6369,
10,4092,-701,-455,-155,0,-48,0,6369,
10,3975,-406,631,-309,-48,-14,0,6369,
10,4292,517,625,-68,-32,-34,0,6369,
10,4237,1075,1374,282,-209,-13,0,6369,
10,4509,288,-750,407,-52,41,0,6369,
10,3854,29,-908,-79,30,83,0,6369,
10,4395,-184,427,-273,30,121,0,6369,
10,5214,537,-823,-328,74,148,0,6369,
10,4650,-44,-491,-305,35,122,0,6369,
10,5117,-97,150,-274,74,118,0,6369,
10,4741,-67,-105,-270,94,119,0,6369,
10,4681,515,-254,-268,92,114,0,6369,
10,4602,85,-271,-242,117,107,0,6369,
10,5296,-161,509,-263,130,144,0,6376,
10,5056,290,-668,-205,133,108,0,6376,
10,4618,-488,-562,-212,129,81,0,6376,
10,4478,110,-268,-229,117,86,0,6376,
10,4497,-111,294,-153,152,103,0,6376,
10,4882,-193,-171,-139,223,78,0,6376,
10,4818,-179,-373,-132,204,70,0,6376,
10,4512,-181,607,-93,199,67,0,6376,
10,5086,256,-422,-94,228,63,0,6376,
10,5401,87,-511,-52,213,57,0,6376,
10,4861,-375,-597,-2,229,48,0,6376,
10,5480,313,-47,-3,243,50,0,6376,
10,5366,76,800,20,223,66,0,6376,
10,5467,-212,-392,34,290,34,0,6376,
10,5432,133,151,79,244,24,0,6376,
10,6401,-76,-584,131,288,35,0,6376,
10,5441,181,-103,125,246,12,0,6392,
10,6094,-438,-798,173,271,-2,0,6392,
10,5486,189,23,179,347,5,0,6392,
10,5905,105,-379,236,317,11,0,6392,
10,6306,-22,481,269,312,-2,0,6392,
10,5734,12,-381,311,279,-15,0,6392,
10,6474,-394,-926,375,282,-20,0,6392,
10,6896,-183,-588,436,206,-35,0,6392,
10,6207,-119,-436,440,276,-50,0,6392,
10,6350,139,-220,455,334,-44,0,6392,
10,6448,-194,-562,549,302,-46,0,6392,
10,5545,89,-265,605,284,-61,0,6392,
10,6030,41,490,702,293,-55,0,6392,
10,6062,-132,-188,803,285,-97,0,6392,
10,6171,-80,-1261,830,312,-109,0,6392,
10,5706,-257,-1075,915,280,-133,0,6422,
10,6000,-171,-983,1007,283,-133,0,6422,
10,6506,-153,-423,1091,254,-140,0,6422,
10,6235,-341,-1573,1155,191,-158,0,6422,
10,5254,-729,-889,1298,258,-144,0,6422,
10,6676,-175,571,1407,180,-163,0,6422,
10,5891,-189,-1186,1461,175,-183,0,6422,
10,5409,-338,-381,1456,154,-174,0,6422,
10,5531,-888,-216,1483,168,-170,0,6422,
10,6356,-734,-181,1536,185,-159,0,6422,
10,5524,-414,-220,1472,136,-161,0,6422,
10,4943,-297,-339,1429,168,-160,0,6422,
10,6248,-598,-345,1401,75,-150,0,6422,
10,5924,-381,-486,1445,68,-138,0,6422,
10,4133,-639,-502,1435,214,-119,0,6422,
10,5639,-380,88,1477,136,-104,0,6422,
10,5346,-778,766,1500,150,-80,0,6473,
10,4487,-643,-216,1561,147,-79,0,6473,
10,5248,-801,-526,1582,71,-69,0,6473,
10,4498,-668,-485,1709,50,-46,0,6473,
10,5335,-1080,-56,1778,70,-34,0,6473,
10,5242,-970,-539,1874,73,-8,0,6473,
10,4688,-800,-627,1973,116,11,0,6473,
10,3897,-861,116,2027,126,22,0,6473,
10,4748,-739,-443,2119,116,41,0,6473,
10,5284,-637,-131,2172,180,60,0,6473,
10,3778,-905,-1,2234,142,71,0,6473,
10,4865,-720,85,2269,155,94,0,6473,
10,4630,-448,-270,2255,150,103,0,6473,
10,2681,-612,-12,2267,165,87,0,6473,
10,2288,-653,441,2247,171,93,0,6473,
10,2503,-355,41,2262,144,99,0,6545,
10,2877,-375,-205,2245,213,113,0,6545,
10,2398,-655,736,2274,271,130,0,6545,
10,3037,16,-739,2272,290,116,0,6545,
10,2251,-212,678,2364,330,135,0,6545,
10,4527,-199,-1348,2556,201,96,0,6545,
10,3544,0,-1524,2655,212,76,0,6545,
10,1340,-486,-508,2817,339,32,0,6545,
10,1724,36,-905,2942,221,18,0,6545,
10,801,-30,-229,3036,167,-20,0,6545,
10,1178,-133,-1450,3172,180,-39,0,6545,
10,-657,-183,-645,3264,210,-72,0,6545,
10,-709,-383,-961,3385,130,-78,0,6545,
10,-1605,-388,-725,3479,91,-87,0,6545,
10,-1801,31,-617,3619,60,-81,0,6545,
10,-2437,-388,-240,3743,17,-73,0,6545,
10,-2757,-683,-428,3830,0,-83,0,6637,
10,-3272,-870,-228,3827,-43,-77,0,6637,
10,-3374,-174,-482,3787,-38,-47,0,6637,
10,-3680,-171,123,3712,-39,-28,0,6637,
10,-3971,-371,-454,3682,-4,-10,0,6637,
10,-4268,-488,32,3708,-15,10,0,6637,
10,-4371,-270,-113,3708,9,28,0,6637,
10,-4365,-440,547,3681,-11,52,0,6637,
10,-4355,7,-110,3624,5,61,0,6637,
10,-4392,-495,-156,3545,27,53,0,6637,
10,-4357,0,-101,3517,89,65,0,6637,
10,-4391,-241,-245,3488,144,58,0,6637,
10,-4390,-298,-73,3501,141,52,0,6637,
10,-4396,-266,-12,3480,193,41,0,6637,
10,-4456,-20,329,3484,162,38,0,6637,
10,-4371,-83,191,3529,176,21,0,6747,
10,-4371,39,-64,3562,198,0,0,6747,
10,-4411,-328,5,3613,168,-17,0,6747,
10,-4414,-410,-116,3660,180,-42,0,6747,
10,-4360,-11,-212,3735,222,-58,0,6747,
10,-4515,-620,354,3809,176,-86,0,6747,
10,-4398,-411,132,3787,177,-107,0,6747,
10,-4394,-267,-38,3828,187,-117,0,6747,
10,-4331,118,-310,3834,197,-128,0,6747,
10,-4340,-223,-201,3843,160,-148,0,6747,
10,-4371,-276,-26,3822,134,-141,0,6747,
10,-4394,-281,60,3785,150,-166,0,6747,
10,-4369,-254,122,3812,95,-156,0,6747,
10,-4350,-259,-141,3743,129,-160,0,6747,
10,-4365,-339,-88,3687,84,-159,-1,6747,
10,-4291,-305,-70,3615,96,-147,-1,6747,
10,-4358,-372,-14,3540,101,-146,-1,6875,
10,-4266,-184,-73,3531,103,-136,-1,6875,
10,-4338,-130,49,3507,62,-144,-1,6875,
10,-4356,-401,-149,3516,106,-137,-1,6875,
10,-4326,-435,-254,3552,94,-127,-1,6875,
10,-4358,-312,101,3556,83,-130,-2,6875,
10,-4343,-420,1,3580,107,-126,-2,6875,
10,-4341,-129,87,3601,122,-137,-2,6875,
10,-4341,-191,10,3702,137,-146,-2,6875,
10,-4265,21,119,3784,137,-151,-2,6875,
10,-4242,157,214,3887,122,-160,-2,6875,
10,-4330,113,299,3979,104,-169,-2,6875,
10,-4240,20,89,4090,139,-183,-2,6875,
10,-4211,17,223,4220,129,-202,-2,6875,
10,-4310,1,308,4311,116,-216,-2,6875,
10,-4391,-134,52,4417,127,-229,-2,7015,
10,-4309,233,163,4560,93,-239,-2,7015,
10,-4273,100,-201,4623,98,-256,-2,7015,
10,-4308,-62,-123,4735,97,-263,-2,7015,
10,-4343,-110,-169,4835,76,-274,-2,7015,
10,-4396,-314,173,4899,41,-275,-2,7015,
10,-4329,-323,-61,4993,44,-267,-2,7015,
10,-4336,-231,-85,5055,0,-271,-2,7015,
10,-4297,-27,41,5083,25,-259,-2,7015,
10,-4327,-216,54,5125,17,-257,-3,7015,
10,-4367,-126,217,5153,-22,-248,-3,7015,
10,-4299,-212,143,5146,-11,-239,-3,7015,
10,-4301,-151,140,5138,14,-225,-3,7015,
10,-4403,-335,308,5190,17,-224,-3,7015,
10,-4284,-306,93,5243,-35,-214,-3,7015,
10,-4243,-45,364,5364,47,-215,-3,7167,
10,-4273,-68,16,5568,54,-224,-3,7167,
10,-4288,-50,224,5765,56,-225,-3,7167,
10,-4282,184,311,6036,91,-231,-3,7167,
10,-4250,-42,324,6292,78,-255,-3,7167,
10,-4345,-39,82,6482,101,-278,-3,7167,
10,-4427,-146,244,6699,103,-297,-4,7167,
10,-4296,-24,252,6890,66,-312,-4,7167,
10,-4243,67,121,7020,62,-329,-4,7167,
10,-4294,174,499,7122,96,-340,-4,7167,
10,-4272,135,108,7227,44,-350,-4,7167,
10,-4237,84,-194,7238,39,-349,-4,7167,
10,-4276,129,156,7275,21,-340,-4,7167,
10,-4270,49,-11,7296,-8,-342,-4,7167,
10,-4286,-104,297,7305,-44,-332,-4,7167,
10,-4188,7,-246,7383,-32,-309,-5,7329,
10,-4278,-52,188,7454,-71,-297,-5,7329,
10,-4304,-147,-20,7545,-79,-277,-5,7329,
10,-4273,-19,100,7688,-56,-260,-5,7329,
10,-4264,-193,4,7845,-79,-239,-5,7329,
10,-4258,-242,151,8006,-34,-222,-5,7329,
10,-4268,49,123,8164,-29,-214,-5,7329,
10,-4171,-66,-126,8266,-5,-204,-5,7329,
10,-4285,-189,224,8349,69,-210,-5,7329,
10,-4312,27,262,8471,68,-225,-6,7329,
10,-4309,-154,321,8565,130,-246,-6,7329,
10,-4255,-94,113,8724,161,-275,-6,7329,
10,-4306,16,176,8904,165,-320,-6,7329,
10,-4254,-129,304,9087,151,-364,-6,7329,
10,-4260,-149,260,9322,166,-412,-6,7329,
10,-4286,-75,134,9490,130,-452,-6,7500,
10,-4291,-253,159,9661,92,-484,-6,7500,
10,-4308,-223,348,9823,73,-510,-7,7500,
10,-4244,-208,371,9964,13,-516,-7,7500,
10,-4260,-209,299,10098,-9,-506,-7,7500,
10,-4261,-47,39,10320,2,-482,-7,7500,
10,-4248,-110,328,10551,-66,-459,-7,7500,
10,-4335,-166,367,10746,-86,-426,-7,7500,
10,-4245,-204,366,10961,-37,-399,-7,7500,
10,-4276,74,123,11166,-15,-379,-8,7500,
10,-4205,-60,99,11284,-6,-365,-8,7500,
10,-4232,49,70,11403,34,-359,-8,7500,
10,-4293,-93,400,11573,51,-374,-8,7500,
10,-4291,-105,316,11682,59,-391,-8,7500,
10,-4290,-296,314,11865,147,-423,-8,7500,
10,-4222,-66,122,12069,114,-457,-9,7676,
10,-4208,-37,75,12208,60,-485,-9,7676,
10,-4262,-249,566,12555,100,-524,-9,7676,
10,-4208,-178,246,13126,83,-556,-9,7676,
10,-4215,-140,-11,13989,95,-582,-9,7676,
10,-4432,-387,650,14982,20,-629,-10,7676,
10,-4485,-377,203,15486,60,-649,-10,7676,
10,-4428,-56,880,15927,60,-655,-10,7676,
10,-4526,-417,512,16182,-86,-669,-10,7676,
10,-4519,-248,1007,16362,-11,-640,-10,7676,
10,-4457,-208,613,16453,-50,-588,-11,7676,
10,-4500,-921,499,16417,27,-542,-11,7676,
10,-4519,-958,363,16345,90,-545,-11,7676,
10,-4376,-852,185,16262,71,-557,-11,7676,
10,-4563,-40,313,16072,91,-582,-12,7676,
10,-4515,-849,262,15942,124,-628,-12,7854,
10,-4411,-612,1068,15956,101,-659,-13,7854,
10,-4634,-435,272,15899,47,-667,-13,7854,
10,-4405,-70,459,15850,64,-672,-13,7854,
10,-4657,353,260,15834,-25,-633,-13,7854,
10,-4486,-73,43,15717,-22,-585,-14,7854,
10,-4550,-724,226,15739,-42,-569,-14,7854,
10,-4543,-578,337,15735,-15,-535,-14,7854,
10,-4327,150,795,15702,64,-491,-14,7854,
10,-4377,-28,103,15682,40,-543,-14,7854,
10,-4284,-61,515,15546,81,-574,-15,7854,
10,-4421,-96,1029,15580,102,-610,-15,7854,
10,-4358,-415,409,15444,78,-651,-15,7854,
10,-4505,-988,520,15235,43,-670,-15,7854,
10,-4408,-128,1003,15170,29,-630,-15,7854,
10,-4384,-312,-504,14966,2,-629,-15,8032,
10,-4505,-766,-192,14889,-70,-570,-16,8032,
10,-4403,-377,574,15009,-48,-513,-16,8032,
10,-4453,-261,713,14832,-3,-478,-16,8032,
10,-4402,-881,635,14704,49,-466,-16,8032,
10,-4228,-33,127,14592,132,-471,-16,8032,
10,-4414,80,549,14574,107,-520,-17,8032,
10,-4484,-507,398,14562,118,-577,-17,8032,
10,-4484,-412,765,14727,119,-631,-17,8032,
10,-4395,-450,48,14621,85,-657,-17,8032,
10,-4442,-493,2,14561,18,-671,-17,8032,
10,-4405,-105,724,14434,-69,-628,-17,8032,
10,-4331,-451,-363,14178,-55,-574,-17,8032,
10,-4510,-128,566,14070,-68,-502,-18,8032,
10,-4464,-548,244,14100,-56,-469,-18,8032,
10,-4375,248,444,13955,-37,-420,-18,8214,
10,-4370,-234,206,13824,35,-399,-18,8214,
10,-4392,-340,547,13736,115,-426,-18,8214,
10,-4326,-229,140,13619,99,-478,-18,8214,
10,-4249,-277,-273,13564,190,-523,-19,8214,
10,-4313,-211,465,13589,142,-583,-19,8214,
10,-4400,153,862,13564,58,-636,-19,8214,
10,-4355,-351,692,13519,31,-655,-19,8214,
10,-4281,23,749,13488,-9,-636,-19,8214,
10,-4333,-50,-18,13314,-85,-601,-19,8214,
10,-4383,-299,708,13151,-95,-535,-19,8214,
10,-4415,-617,116,13103,-123,-466,-20,8214,
10,-4297,-344,639,13015,-108,-414,-20,8214,
10,-4444,-299,531,12911,-52,-357,-20,8214,
10,-4352,-345,-72,12942,43,-347,-20,8214,
10,-4371,-269,142,12801,96,-346,-20,8394,
10,-4374,-436,191,12809,157,-380,-20,8394,
10,-4324,-425,51,12804,180,-452,-21,8394,
10,-4358,-539,428,12689,177,-512,-21,8394,
10,-4366,-354,328,12524,175,-565,-21,8394,
10,-4346,-319,389,12474,108,-609,-21,8394,
10,-4298,114,565,12424,35,-626,-21,8394,
10,-4334,-185,361,12420,7,-628,-21,8394,
10,-4348,-114,242,12503,-67,-595,-21,8394,
10,-4315,-360,460,12496,-106,-546,-21,8394,
10,-4328,-198,486,12437,-97,-480,-22,8394,
10,-4360,-203,129,12502,-100,-427,-22,8394,
10,-4364,-422,586,12382,-95,-357,-22,8394,
10,-4273,-382,160,12412,1,-336,-22,8394,
10,-4320,60,679,12436,36,-321,-22,8394,
10,-4266,-46,540,12333,92,-344,-22,8571,
10,-4334,-575,303,12256,168,-383,-22,8571,
10,-4323,-313,448,12225,168,-441,-23,8571,
10,-4308,-280,777,12108,159,-490,-23,8571,
10,-4245,-403,310,12121,155,-540,-23,8571,
10,-4332,-14,334,12086,106,-582,-23,8571,
10,-4299,227,125,12063,77,-601,-23,8571,
10,-4331,-297,198,12020,-27,-605,-23,8571,
10,-4323,4,363,12052,-81,-582,-23,8571,
10,-4305,-225,711,12093,-80,-524,-24,8571,
10,-4275,-302,113,12030,-125,-483,-24,8571,
10,-4280,-112,303,11919,-118,-417,-24,8571,
10,-4237,2,-323,11914,-70,-359,-24,8571,
10,-4278,-53,268,11743,-72,-313,-24,8571,
10,-4250,-159,325,11653,28,-293,-24,8571,
10,-4265,-200,131,11578,91,-294,-24,8746,
10,-4295,-606,87,11556,108,-333,-25,8746,
10,-4246,-175,543,11460,167,-367,-25,8746,
10,-4287,-448,-51,11464,191,-422,-25,8746,
10,-4268,-53,546,11335,144,-479,-25,8746,
10,-4270,-95,350,11306,132,-522,-25,8746,
10,-4256,-186,171,11364,129,-564,-25,8746,
10,-4264,-84,158,11340,37,-590,-25,8746,
10,-4272,-231,127,11302,-35,-573,-25,8746,
10,-4299,-78,52,11250,-58,-556,-26,8746,
10,-4272,-109,556,11119,-140,-506,-26,8746,
10,-4301,-22,-23,11000,-126,-448,-26,8746,
10,-4247,-320,166,10943,-117,-382,-26,8746,
10,-4288,-72,345,10861,-120,-330,-26,8746,
10,-4269,-238,86,10805,-70,-284,-26,8746,
10,-4316,-296,275,10858,-1,-256,-26,8916,
10,-4226,-390,328,10795,34,-253,-26,8916,
10,-4249,-216,277,10777,101,-271,-27,8916,
10,-4303,-106,73,10747,144,-318,-27,8916,
10,-4236,-112,108,10620,156,-357,-27,8916,
10,-4247,-292,226,10571,198,-414,-27,8916,
10,-4244,-105,439,10583,188,-477,-27,8916,
10,-4256,-92,390,10503,127,-527,-27,8916,
10,-4228,-204,304,10523,94,-560,-27,8916,
10,-4247,-80,446,10598,47,-574,-27,8916,
10,-4215,6,-14,10498,-40,-577,-28,8916,
10,-4221,-139,246,10423,-87,-537,-28,8916,
10,-4248,-310,385,10426,-115,-482,-28,8916,
10,-4254,-78,36,10390,-168,-427,-28,8916,
10,-4244,-274,103,10286,-150,-358,-28,8916,
10,-4257,-238,253,10260,-109,-303,-28,9082,
10,-4203,-192,179,10253,-88,-249,-28,9082,
10,-4215,-310,10,10145,-31,-212,-28,9082,
10,-4187,-203,192,10084,51,-188,-28,9082,
10,-4237,-236,264,9999,96,-207,-29,9082,
10,-4242,-135,205,9906,172,-234,-29,9082,
10,-4243,-23,354,9862,201,-283,-29,9082,
10,-4235,-143,198,9795,201,-344,-29,9082,
10,-4223,17,174,9693,220,-406,-29,9082,
10,-4204,-113,179,9774,202,-471,-29,9082,
10,-4207,-146,269,9710,155,-521,-29,9082,
10,-4205,-18,289,9746,118,-556,-29,9082,
10,-4205,51,160,9714,34,-580,-29,9082,
10,-4230,-51,302,9747,-44,-579,-30,9082,
10,-4235,-177,165,9725,-77,-550,-30,9082,
10,-4232,-48,253,9701,-142,-495,-30,9240,
10,-4223,-353,187,9561,-192,-439,-30,9240,
10,-4218,-306,197,9485,-174,-352,-30,9240,
10,-4241,-100,198,9509,-189,-284,-30,9240,
10,-4218,-91,263,9404,-148,-216,-30,9240,
10,-4232,-136,204,9424,-77,-176,-30,9240,
10,-6623,2039,1204,9506,-22,-87,-30,9240,
10,-10187,-1085,-186,9443,-107,-66,-31,9240,
10,-5929,812,-5105,9169,314,-360,-31,9240,
10,-3209,-160,457,9307,156,-154,-31,9240,
10,-3557,14,284,9206,271,-251,-31,9240,
10,-3879,47,-53,9135,236,-360,-31,9240,
10,-4292,-275,1062,8971,182,-393,-31,9240,
10,-4133,-342,783,8850,105,-410,-31,9240,
10,-4153,-26,302,8677,169,-409,-31,9240,
10,-4208,-233,-65,8623,100,-411,-31,9392,
10,-4302,504,97,8311,76,-367,-31,9392,
10,-4324,201,82,8231,111,-351,-32,9392,
10,-4303,38,155,8133,86,-351,-32,9392,
10,-3792,-1906,636,8353,-158,-481,-32,9392,
10,-4377,-695,238,7827,-87,-390,-32,9392,
10,-4193,-58,-149,7570,-42,-324,-32,9392,
10,-4222,-495,334,7527,-48,-232,-32,9392,
10,-4225,-223,623,7313,-1,-210,-32,9392,
10,-4312,-7,-262,7284,26,-163,-32,9392,
10,-4276,-80,-403,7285,44,-184,-32,9392,
10,-4261,-92,93,7250,72,-205,-32,9392,
10,-4304,-266,365,7373,93,-196,-32,9392,
10,-4083,374,-904,7467,240,-193,-32,9392,
10,-4330,-414,-440,7341,70,-274,-33,9392,
10,-4278,-597,-353,7071,84,-338,-33,9538,
10,-4299,-1425,-734,6556,-15,-411,-33,9538,
10,-4332,-554,770,6238,-107,-325,-33,9538,
10,-4234,-259,619,5998,-105,-306,-33,9538,
10,-4281,-381,465,5705,-181,-290,-33,9538,
10,-4285,-10,1040,5172,-266,-227,-33,9538,
10,-4359,-507,1064,4694,-337,-187,-33,9538,
10,-4438,207,2428,3166,-577,-82,-33,9538,
10,-4351,-99,429,1889,-714,56,-33,9538,
10,-4477,865,-606,1251,-728,188,-33,9538,
10,-4325,1263,2214,682,-684,254,-33,9538,
10,-4561,163,778,-290,-834,370,-33,9538,
10,-4572,148,573,-841,-841,410,-33,9538,
10,-4437,129,1054,-1373,-935,420,-33,9538,
10,-4503,61,840,-1994,-960,418,-33,9538,
10,-4497,-13,802,-2431,-1062,354,-33,9677,
10,-4543,-140,1037,-2900,-1115,254,-33,9677,
10,-4524,-192,1680,-3676,-1252,156,-33,9677,
10,-4397,47,1037,-4035,-1302,-14,-32,9677,
10,-4459,-926,1033,-4249,-1302,-238,-32,9677,
10,-4538,-552,1860,-4652,-1368,-432,-32,9677,
10,-4575,-899,1872,-5384,-1322,-665,-32,9677,
10,-4628,-1192,1742,-6380,-1252,-959,-31,9677,
10,-4769,-2036,759,-7252,-1096,-1381,-31,9677,
10,-4828,-2091,210,-7449,-631,-1751,-31,9677,
10,-4775,-2235,-8,-7463,-22,-1960,-31,9677,
10,-4873,-2147,-995,-7609,687,-1984,-31,9677,
10,-4907,-1971,-590,-8042,1386,-1770,-30,9677,
10,-5017,-1619,-1188,-8984,1977,-1336,-30,9677,
10,-5126,-825,-1468,-9408,2484,-694,-30,9677,
10,-5171,-165,-1654,-8772,2842,67,-30,9792,
10,-5151,685,-1064,-8465,2900,890,-30,9792,
10,-4896,801,-1520,-8363,2752,1784,-29,9792,
10,-4930,1051,-1471,-8115,2387,2609,-29,9792,
10,-4774,570,-913,-8203,1793,3314,-29,9792,
10,-4946,133,-715,-7854,943,3731,-29,9792,
10,-5044,711,3,-7580,89,3812,-28,9792,
10,-4901,172,285,-7463,-758,3657,-28,9792,
10,-4734,-153,-71,-7484,-1572,3295,-28,9792,
10,-4536,-286,-146,-7500,-2177,2747,-28,9792,
10,-4530,-564,-648,-7422,-2624,2052,-28,9792,
10,-4124,-460,-695,-7138,-2880,1284,-28,9792,
10,-3906,-750,-2082,-6698,-2810,504,-28,9792,
10,-1320,446,-2551,-6473,-2208,-119,-28,9792,
10,-3520,2102,-4289,-3511,-1297,-264,-27,9792,
10,-4051,550,305,-3188,-1053,-368,-27,9907,
10,-4041,560,-857,-2749,-1039,-461,-27,9907,
10,-3993,730,-670,-2010,-972,-480,-27,9907,
10,-3947,1122,-567,-1116,-868,-443,-27,9907,
10,-3904,1061,-497,-114,-832,-357,-27,9907,
10,-3929,1381,-674,1210,-788,-242,-27,9907,
10,-3782,1228,-919,2112,-698,-99,-27,9907,
10,-3681,353,-1650,2914,-532,60,-27,9907,
10,-3334,236,-1590,2931,-375,187,-27,9907,
10,-3371,243,-975,2492,-204,297,-28,9907,
10,-2957,-368,-1172,2080,-21,301,-28,9907,
10,-3636,239,-503,1806,30,301,-28,9907,
10,-3745,17,-611,1708,85,287,-28,9907,
10,-3488,-190,-572,1624,126,240,-29,9907,
10,-3692,-376,-490,1476,88,166,-29,9907,
10,-3144,-805,-550,1376,127,53,-29,10009,
10,-2222,-1376,-1064,1148,217,-183,-30,10009,
10,-2610,-1042,-883,1162,273,-387,-30,10009,
10,-2056,-2087,-751,763,333,-663,-30,10009,
10,-3238,-751,-355,526,304,-791,-30,10009,
10,-3139,-390,-424,535,264,-865,-30,10009,
10,-2818,-334,-378,576,248,-910,-30,10009,
10,-3060,-211,-420,541,221,-907,-30,10009,
10,-2866,576,-807,770,272,-790,-30,10009,
10,-3093,300,-833,887,339,-723,-30,10009,
10,-2455,335,-1641,606,405,-659,-30,10009,
10,-2231,2,-716,397,462,-621,-30,10009,
10,-1469,-469,-365,357,539,-663,-30,10009,
10,-1287,-574,-69,397,492,-754,-30,10009,
10,-1445,107,29,521,433,-830,-29,10009,
10,-1824,477,-569,523,362,-772,-29,10102,
10,-2292,1241,-779,268,381,-575,-29,10102,
10,-2695,966,-1012,-88,503,-365,-29,10102,
10,-2081,879,-1206,-411,622,-159,-30,10102,
10,-2656,78,-1511,-717,757,-49,-30,10102,
10,-2319,-35,-1095,-766,875,34,-30,10102,
10,-2249,-109,-665,-882,942,85,-29,10102,
10,-2297,-33,-594,-939,1001,103,-29,10102,
10,-2228,71,-580,-1012,1061,148,-29,10102,
10,-2297,-109,-720,-1047,1124,201,-29,10102,
10,-2245,-92,-680,-1146,1150,234,-30,10102,
10,-2332,-239,-1039,-1228,1268,269,-29,10102,
10,-1744,-187,-994,-1226,1411,298,-29,10102,
10,-2672,-209,-477,-1229,1449,340,-29,10102,
10,-2681,-527,-1387,-1279,1585,338,-29,10102,
10,-3003,-19,-1055,-1024,1763,351,-29,10187,
10,-2953,-60,-1666,-693,1943,344,-29,10187,
10,-2761,44,-165,-784,2028,339,-29,10187,
10,-2952,-45,186,-781,2035,378,-29,10187,
10,-2681,-192,606,-565,1867,390,-29,10187,
10,-2571,-971,1817,-33,1643,283,-29,10187,
10,-2654,-733,1544,394,1387,158,-29,10187,
10,-2676,-512,1054,951,1130,-31,-29,10187,
10,-2413,-4,1034,1078,944,-143,-29,10187,
10,-2579,180,965,642,739,-148,-29,10187,
10,-2251,-88,1811,298,523,-119,-29,10187,
10,-2428,-253,1780,395,243,-151,-29,10187,
10,-2224,-47,2097,671,-75,-199,-29,10187,
10,-2251,155,1418,669,-311,-206,-29,10187,
10,-2115,212,618,515,-505,-172,-29,10187,
10,-2282,59,413,558,-563,-150,-29,10261,
10,-2042,257,481,542,-606,-102,-29,10261,
10,-1915,306,511,593,-706,-77,-29,10261,
10,-2237,-200,219,612,-705,-50,-29,10261,
10,-2159,6,6,621,-732,-24,-29,10261,
10,-2057,113,-88,567,-735,3,-29,10261,
10,-2165,425,-392,423,-646,72,-29,10261,
10,-2223,413,-302,231,-630,133,-29,10261,
10,-2037,482,-505,-9,-560,215,-29,10261,
10,-1747,327,-499,-214,-467,286,-29,10261,
10,-1990,153,-477,-360,-426,314,-29,10261,
10,-1979,-127,-1292,-589,-238,308,-29,10261,
10,-2257,-247,-1240,-624,-60,274,-29,10261,
10,-2266,-241,-1608,-685,118,223,-29,10261,
10,-2284,92,-1374,-442,383,190,-29,10261,
10,-2236,-91,-865,-266,579,169,-29,10323,
10,-2122,-74,-460,-271,684,156,-29,10325,
10,-2219,-46,-385,-316,740,148,-29,10325,
10,-2208,-83,-464,-378,781,141,-29,10325,
10,-2249,95,-173,-427,845,160,-29,10325,
10,-2232,-5,84,-444,847,174,-29,10325,
10,-1978,-176,140,-410,809,157,-29,10325,
10,-2171,-213,445,-324,777,120,-29,10325,
10,-2403,-252,334,-280,671,81,-29,10325,
10,-2211,-157,711,-331,558,79,-29,10325,
10,-2095,-78,924,-454,431,92,-29,10325,
10,-2138,-105,463,-487,348,98,-29,10325,
10,-2133,-339,469,-387,286,73,-29,10325,
10,-2300,-276,380,-277,268,32,-29,10325,
10,-2171,-163,697,-168,184,-29,-29,10325,
10,-2057,-215,444,-133,133,-66,-29,10325,
10,-2336,-155,438,-85,85,-78,-29,10380,
10,-2105,-5,616,-73,4,-93,-29,10380,
10,-2217,-7,486,-145,-98,-78,-29,10380,
10,-2191,-39,411,-200,-156,-66,-29,10380,
10,-2061,-93,275,-209,-225,-69,-29,10380,
10,-2217,-58,242,-195,-249,-104,-29,10380,
10,-2093,-287,21,-190,-216,-146,-29,10380,
10,-2130,-234,-203,-222,-214,-166,-29,10380,
10,-2312,108,-179,-299,-198,-173,-29,10380,
10,-2365,277,-133,-414,-151,-156,-29,10380,
10,-2322,187,31,-515,-139,-119,-29,10380,
10,-2235,228,83,-616,-161,-77,-29,10380,
10,-2520,227,-19,-708,-136,-42,-29,10380,
10,-2337,117,-301,-782,-93,-21,-29,10380,
10,-2143,103,-301,-842,-63,-9,-29,10380,
10,-2174,196,-905,-975,74,17,-29,10425,
10,-2354,227,-482,-1024,148,28,-29,10425,
10,-2390,-75,-214,-1087,174,51,-29,10425,
10,-2201,117,-366,-1147,235,68,-29,10425,
10,-2073,318,-174,-1209,248,102,-29,10425,
10,-2287,7,128,-1247,232,153,-29,10425,
10,-2500,363,86,-1275,273,221,-29,10425,
10,-2258,134,-103,-1303,286,262,-29,10425,
10,-2183,-44,-314,-1280,267,284,-29,10425,
10,-2704,128,-135,-1256,298,289,-29,10425,
10,-2796,40,31,-1222,292,285,-29,10425,
10,-2648,-186,174,-1168,260,293,-29,10425,
10,-2855,-208,355,-1066,244,282,-29,10425,
10,-3086,1,260,-947,209,254,-29,10425,
10,-2273,-307,185,-790,154,211,-29,10425,
10,-2315,-367,22,-668,155,167,-29,10461,
10,-1834,-235,-521,-567,200,108,-29,10461,
10,-2212,-130,-294,-490,279,85,-29,10461,
10,-1963,-82,-65,-421,361,90,-29,10461,
10,-2141,-12,834,-358,311,120,-29,10461,
10,-1834,259,416,-142,232,185,-29,10461,
10,-2258,-445,1377,323,75,119,-29,10461,
10,-2278,-486,732,734,-58,38,-29,10461,
10,-1747,-443,361,898,-119,-56,-29,10461,
10,-2275,-436,-149,994,-123,-113,-29,10461,
10,-2339,96,51,1018,-101,-162,-29,10461,
10,-1943,358,-130,977,-52,-147,-29,10461,
10,-2004,1105,734,1027,-128,-52,-29,10461,
10,-2396,600,341,1056,-172,40,-29,10461,
10,-2362,185,72,1110,-196,113,-29,10461,
10,-2217,-28,-286,1112,-225,115,-29,10489,
10,-2260,-82,-284,1127,-201,80,-29,10489,
10,-2632,-327,-159,1129,-116,35,-29,10489,
10,-2388,-453,-147,1127,-95,-7,-29,10489,
10,-2278,39,-161,1113,-69,-31,-29,10489,
10,-2343,184,-108,1082,-27,-30,-29,10489,
10,-2521,30,-32,1064,-50,-16,-29,10489,
10,-2596,114,16,1045,-71,9,-29,10489,
10,-2485,97,56,1049,-51,19,-29,10489,
10,-2472,-118,-119,1094,-69,16,-29,10489,
10,-2378,-29,-105,1122,-48,7,-29,10489,
10,-2594,-1,-197,1159,10,-10,-29,10489,
10,-2389,-211,-361,1221,30,-32,-29,10489,
10,-2568,-68,-171,1261,48,-42,-29,10489,
10,-2481,52,-136,1292,103,-49,-29,10489,
10,-2548,-98,-100,1350,105,-60,-29,10508,
10,-2399,-62,-84,1373,98,-73,-29,10508,
10,-2393,87,-112,1386,123,-83,-29,10508,
10,-2338,-91,-69,1391,120,-100,-29,10508,
10,-2175,-153,-197,1376,135,-112,-29,10508,
10,-2351,12,-109,1336,166,-124,-29,10508,
10,-2409,-34,-209,1301,216,-145,-29,10508,
10,-2402,-205,-196,1279,195,-164,-29,10508,
10,-2219,-69,9,1244,222,-186,-30,10508,
10,-2173,-7,217,1274,180,-226,-30,10508,
10,-2110,-83,237,1308,114,-249,-30,10508,
10,-2289,-62,226,1317,73,-247,-30,10508,
10,-2059,98,336,1323,7,-243,-30,10508,
10,-1964,118,157,1299,-50,-221,-30,10508,
10,-2020,69,-10,1271,-70,-190,-30,10508,
10,-1888,145,15,1238,-108,-178,-30,10519,
10,-1739,136,-74,1186,-118,-164,-30,10519,
10,-1792,109,-187,1120,-94,-134,-30,10519,
10,-1705,339,-205,1041,-108,-95,-30,10519,
10,-2148,356,-396,873,-47,-19,-30,10519,
10,-1837,336,-470,713,11,47,-30,10519,
10,-1815,138,-299,591,37,89,-30,10519,
10,-2248,-121,-182,498,63,93,-30,10519,
10,-1852,-141,-234,440,109,60,-30,10519,
10,-1601,-174,-150,414,94,27,-30,10519,
10,-1640,96,-290,334,118,28,-30,10519,
10,-2074,295,-287,230,163,80,-30,10519,
10,-2155,374,-358,119,164,124,-30,10519,
10,-2018,119,-249,-9,206,188,-30,10519,
10,-1982,-21,-43,-96,222,233,-30,10519,
10,-2098,-96,100,-111,190,225,-30,10522,
10,-1848,-512,-189,-116,180,174,-30,10522,
10,-2014,-447,-216,-145,214,111,-30,10522,
10,-2064,-239,-178,-167,234,50,-30,10522,
10,-2038,-149,-289,-227,254,43,-30,10522,
10,-1848,10,-317,-324,312,80,-30,10522,
10,-1905,90,-50,-390,305,109,-30,10522,
10,-1967,-107,-75,-423,307,124,-30,10522,
10,-1991,-181,66,-422,322,128,-30,10522,
10,-1688,-398,258,-344,254,89,-29,10522,
10,-1683,-498,128,-217,230,20,-29,10522,
10,-2384,-393,97,-113,202,-49,-29,10522,
10,-1894,-504,15,-19,181,-106,-29,10522,
10,-1674,-244,-208,92,219,-156,-29,10522,
10,-1959,-88,-55,180,239,-182,-29,10522,
10,-2156,-245,-6,271,225,-216,-29,10518,
10,-1920,-350,129,373,247,-253,-29,10518,
10,-1989,-336,334,517,204,-303,-29,10518,
10,-1888,-453,261,673,161,-368,-29,10518,
10,-2239,47,260,799,130,-409,-29,10518,
10,-2022,236,151,886,86,-415,-29,10518,
10,-2028,136,-28,919,84,-382,-29,10518,
10,-2015,371,498,920,98,-325,-29,10518,
10,-2342,678,677,1038,11,-237,-29,10518,
10,-1944,515,390,1076,-33,-181,-30,10518,
10,-1784,-78,594,1211,-73,-174,-30,10518,
10,-1718,-24,196,1282,-161,-167,-30,10518,
10,-2143,207,-135,1269,-131,-168,-30,10518,
10,-1795,-1,-159,1232,-108,-162,-30,10518,
10,-1874,149,-290,1116,-67,-90,-30,10518,
10,-2057,509,74,982,-32,-11,-30,10508,
10,-2340,710,23,904,6,83,-30,10508,
10,-2111,536,-269,856,6,201,-30,10508,
10,-1746,-218,72,811,-20,232,-30,10508,
10,-1948,111,274,817,-30,226,-30,10508,
10,-2394,4,149,790,-37,212,-30,10508,
10,-1403,-26,-460,680,41,235,-30,10508,
10,-1528,-151,-435,551,134,236,-30,10508,
10,-2080,-151,-182,458,188,223,-30,10508,
10,-1619,-332,-12,438,199,175,-30,10508,
10,-1590,-742,452,436,143,63,-30,10508,
10,-1481,-728,452,476,61,-13,-30,10508,
10,-2160,-328,158,526,89,-56,-30,10508,
10,-1651,-152,-213,534,129,-99,-30,10508,
10,-1741,-78,-279,482,134,-103,-30,10508,
10,-2127,-175,17,399,201,-86,-30,10492,
10,-2178,-41,220,376,175,-100,-30,10492,
10,-1827,-321,287,394,122,-131,-30,10492,
10,-2162,-821,279,525,88,-245,-30,10492,
10,-2187,-586,-34,562,49,-354,-30,10492,
10,-1678,-358,-237,511,51,-413,-30,10492,
10,-1883,-85,203,449,89,-428,-30,10492,
10,-2012,37,292,420,63,-435,-30,10492,
10,-2285,-72,-25,457,41,-451,-30,10492,
10,-1571,700,471,450,12,-392,-30,10492,
10,-1766,518,359,410,-96,-357,-30,10492,
10,-2280,217,374,411,-159,-299,-30,10492,
10,-2043,166,227,446,-164,-278,-30,10492,
10,-2097,224,-219,466,-179,-269,-30,10492,
10,-2124,321,-161,427,-141,-240,-30,10492,
10,-2108,473,18,380,-116,-186,-30,10470,
10,-2314,116,242,445,-190,-139,-30,10470,
10,-1900,424,583,521,-231,-120,-30,10470,
10,-1938,245,214,574,-297,-97,-30,10470,
10,-2686,47,-45,586,-294,-72,-30,10470,
10,-2229,381,-152,588,-261,-55,-30,10470,
10,-2104,444,-272,567,-241,-26,-30,10470,
10,-1730,170,-459,558,-161,5,-30,10470,
10,-2120,-61,-53,583,-113,44,-30,10470,
10,-2175,945,226,638,-132,109,-30,10470,
10,-2225,259,339,656,-145,142,-30,10470,
10,-2000,38,-83,646,-127,177,-30,10470,
10,-2098,74,-111,668,-172,167,-30,10470,
10,-2246,281,-48,644,-155,158,-30,10470,
10,-1970,479,-417,507,-97,184,-30,10470,
10,-2033,266,-456,345,-24,230,-30,10444,
10,-2436,359,-577,177,87,287,-30,10444,
10,-2439,231,-284,26,134,317,-30,10444,
10,-2151,-30,-66,-76,162,312,-30,10444,
10,-1985,-244,252,-76,141,289,-30,10444,
10,-2159,-289,201,-27,74,240,-30,10444,
10,-2415,-310,170,10,35,178,-30,10444,
10,-1823,-303,106,45,35,111,-30,10444,
10,-1880,20,-172,62,36,72,-30,10444,
10,-2090,44,-388,-2,57,85,-30,10444,
10,-2130,327,-189,-101,115,117,-30,10444,
10,-2178,211,-108,-182,107,140,-30,10444,
10,-1770,-60,168,-216,90,145,-30,10444,
10,-2227,-207,192,-201,71,126,-30,10444,
10,-2375,-191,72,-175,28,85,-30,10444,
10,-1854,-114,-142,-199,21,43,-30,10411,
10,-1793,-97,-333,-265,70,34,-30,10411,
10,-2041,-179,-279,-324,102,18,-30,10411,
10,-2317,-88,-57,-367,104,8,-30,10411,
10,-1936,-313,424,-362,99,-22,-30,10411,
10,-2152,-285,177,-283,40,-81,-30,10411,
10,-1950,-107,-47,-194,-5,-135,-30,10411,
10,-2226,-107,23,-154,-34,-162,-30,10411,
10,-1827,130,-320,-156,17,-161,-30,10411,
10,-1984,47,-401,-195,75,-140,-30,10411,
10,-2250,115,-398,-230,138,-111,-30,10411,
10,-2000,204,-162,-284,198,-93,-30,10411,
10,-2007,50,231,-289,160,-72,-30,10411,
10,-1945,-22,751,-206,109,-71,-30,10411,
10,-2108,-33,310,-116,40,-94,-30,10411,
10,-2043,83,124,-61,-39,-104,-30,10375,
10,-1965,145,-284,-128,-19,-77,-30,10375,
10,-2135,141,-348,-205,50,-51,-30,10375,
10,-2245,149,-259,-276,87,-38,-30,10375,
10,-2181,150,110,-350,126,-11,-30,10375,
10,-2044,-143,376,-342,119,-12,-30,10375,
10,-2222,71,423,-344,16,-29,-30,10375,
10,-2340,-55,378,-313,-54,-51,-30,10375,
10,-2015,-30,179,-258,-62,-62,-30,10375,
10,-2023,311,-256,-283,-70,-44,-30,10375,
10,-2456,299,-426,-380,-17,9,-30,10375,
10,-2270,229,-468,-464,48,47,-30,10375,
10,-2306,-28,-39,-522,95,68,-30,10375,
10,-2161,-52,20,-531,158,59,-30,10375,
10,-2088,-64,294,-479,128,34,-30,10375,
10,-2303,-244,390,-363,71,-5,-30,10334,
10,-2159,-246,547,-270,55,-38,-30,10334,
10,-2271,340,470,-224,18,-55,-30,10334,
10,-2219,373,154,-197,-44,-50,-30,10334,
10,-2045,174,13,-192,-16,-40,-30,10334,
10,-2257,37,2,-210,8,-39,-30,10334,
10,-2370,38,-2,-195,10,-52,-30,10334,
10,-2206,-93,-57,-161,44,-71,-30,10334,
10,-2415,-6,213,-103,52,-88,-30,10334,
10,-2246,73,298,-10,19,-122,-30,10334,
10,-2152,207,370,40,-13,-124,-30,10334,
10,-2229,203,24,29,-15,-96,-30,10334,
10,-2163,316,110,18,-57,-70,-30,10334,
10,-2204,197,250,-3,-65,-60,-30,10334,
10,-2057,138,251,6,-61,-47,-30,10334,
10,-2217,158,155,-2,-100,-34,-30,10288,
10,-2342,273,58,-38,-108,-15,-30,10288,
10,-2224,153,-9,-111,-89,-4,-30,10288,
10,-2218,139,55,-176,-97,18,-30,10288,
10,-2142,161,7,-255,-89,28,-30,10288,
10,-2045,112,47,-323,-66,30,-30,10288,
10,-2201,31,100,-358,-78,22,-30,10288,
10,-2329,58,205,-390,-105,19,-30,10288,
10,-2111,150,36,-444,-82,37,-30,10288,
10,-2174,221,-133,-537,-102,56,-30,10288,
10,-2272,344,-137,-640,-86,102,-30,10288,
10,-2188,320,71,-739,-46,147,-30,10288,
10,-1927,133,-90,-819,-26,181,-30,10288,
10,-2080,171,8,-848,-37,199,-30,10288,
10,-1995,67,62,-862,-23,209,-30,10288,
10,-2007,-59,9,-880,-12,208,-30,10239,
10,-2140,53,7,-912,-35,211,-30,10239,
10,-2056,79,-14,-953,-2,213,-30,10239,
10,-1989,-191,-32,-981,12,206,-30,10239,
10,-2239,-243,-62,-968,-18,180,-30,10239,
10,-2079,-303,190,-945,-11,135,-30,10239,
10,-2207,-292,-30,-924,20,79,-30,10239,
10,-2101,-319,-319,-893,37,40,-30,10239,
10,-2168,-88,-316,-875,104,17,-29,10239,
10,-2219,10,-138,-869,127,23,-29,10239,
10,-2213,-67,14,-874,153,37,-29,10239,
10,-2201,-167,-121,-857,194,46,-29,10239,
10,-2289,-135,-10,-842,188,24,-29,10239,
10,-2191,-193,213,-814,196,20,-29,10239,
10,-2167,-195,341,-758,187,9,-29,10239,
10,-2358,-197,316,-654,118,-16,-29,10186,
10,-2224,-243,654,-551,79,-44,-29,10186,
10,-2209,-191,306,-475,42,-70,-29,10186,
10,-2100,-104,198,-397,-9,-71,-29,10186,
10,-2135,118,162,-357,-22,-70,-29,10186,
10,-2178,107,90,-347,13,-46,-29,10186,
10,-2121,42,49,-350,14,-27,-29,10186,
10,-1997,37,149,-350,35,-13,-29,10186,
10,-2132,-156,110,-308,59,-14,-29,10186,
10,-1934,-146,159,-242,23,-35,-29,10186,
10,-2001,-54,384,-168,19,-52,-29,10186,
10,-1798,-86,234,-95,-28,-81,-29,10186,
10,-2067,-131,103,-55,-45,-91,-29,10186,
10,-2014,-113,96,-45,-27,-100,-29,10186,
10,-1914,-70,-104,-11,-20,-132,-29,10186,
10,-1940,-298,36,-13,-36,-159,-29,10129,
10,-1765,65,23,-35,-1,-162,-29,10129,
10,-2207,173,116,-44,-1,-161,-29,10129,
10,-2025,-86,257,-44,-21,-151,-29,10129,
10,-1976,116,512,-39,-49,-128,-29,10129,
10,-2146,196,269,-29,-75,-114,-29,10129,
10,-1960,-106,184,-6,-132,-120,-29,10129,
10,-2157,-46,130,-18,-118,-122,-30,10129,
10,-1917,-5,-61,-39,-105,-121,-30,10129,
10,-2021,-55,-109,-102,-56,-121,-30,10129,
10,-2187,112,-81,-153,-64,-117,-30,10129,
10,-1918,239,65,-201,-53,-112,-30,10129,
10,-2291,68,333,-262,-36,-97,-30,10129,
10,-2119,-45,116,-314,-63,-86,-30,10129,
10,-2020,46,-110,-387,-21,-82,-30,10129,
10,-1957,164,-59,-464,-11,-86,-30,10069,
10,-1965,-15,91,-534,40,-83,-30,10069,
10,-2173,-69,120,-537,33,-109,-30,10069,
10,-1893,45,442,-538,27,-127,-30,10069,
10,-1893,3,396,-524,-25,-134,-29,10069,
10,-2159,309,288,-477,-108,-123,-29,10069,
10,-1861,151,172,-474,-96,-106,-29,10069,
10,-1866,-32,160,-486,-115,-102,-29,10069,
10,-2096,196,79,-516,-125,-91,-29,10069,
10,-2078,168,229,-512,-132,-101,-29,10069,
10,-2054,174,251,-495,-157,-111,-29,10069,
10,-2110,119,364,-471,-212,-107,-29,10069,
10,-2278,199,429,-482,-234,-93,-29,10069,
10,-2205,386,211,-526,-238,-79,-29,10069,
10,-2256,29,-123,-593,-224,-39,-29,10069,
10,-2235,308,-149,-641,-230,-18,-29,10006,
10,-2213,328,77,-683,-191,-12,-29,10006,
10,-2296,24,-119,-691,-151,9,-29,10006,
10,-2217,138,79,-690,-176,20,-29,10006,
10,-2241,442,300,-670,-186,52,-29,10006,
10,-2245,249,63,-650,-208,78,-29,10006,
10,-2264,114,76,-680,-254,101,-29,10006,
10,-2211,278,6,-728,-238,116,-29,10006,
10,-2176,113,65,-756,-214,115,-29,10006,
10,-2107,-76,-237,-767,-214,96,-29,10006,
10,-2256,36,-171,-795,-179,72,-29,10006,
10,-2026,71,-169,-813,-139,55,-29,10006,
10,-2057,169,-189,-836,-144,44,-29,10006,
10,-2162,262,-143,-895,-104,69,-29,10006,
10,-2003,353,-185,-973,-67,95,-29,10006,
10,-2118,154,-169,-1025,-70,113,-29,9940,
10,-2095,38,-156,-1067,-34,110,-29,9940,
10,-2179,19,-1,-1054,-51,88,-29,9940,
10,-2163,2,89,-1060,-63,67,-29,9940,
10,-2004,100,3,-1056,-50,51,-29,9940,
10,-2056,19,97,-1057,-89,37,-29,9940,
10,-1868,-10,-82,-1062,-77,21,-29,9940,
10,-1925,12,-144,-1090,-32,-4,-29,9940,
10,-1867,-40,-240,-1093,-28,-36,-29,9940,
10,-1930,73,-44,-1140,9,-40,-29,9940,
10,-1834,245,166,-1197,2,-25,-29,9940,
10,-1689,624,158,-1228,-58,13,-29,9940,
10,-1939,533,76,-1334,-60,76,-29,9940,
10,-1922,370,-122,-1438,-81,117,-29,9940,
10,-1898,200,-345,-1524,-46,145,-29,9940,
10,-1979,-28,-244,-1575,13,153,-29,9870,
10,-1891,143,-80,-1621,62,153,-29,9870,
10,-1944,36,30,-1605,46,143,-29,9870,
10,-2149,213,154,-1580,31,142,-29,9870,
10,-1892,396,244,-1587,15,163,-29,9870,
10,-1963,-95,45,-1494,-75,190,-29,9870,
10,-1882,237,-26,-1492,-104,203,-29,9870,
10,-2008,231,88,-1536,-62,209,-29,9870,
10,-1675,-37,-96,-1529,-73,194,-29,9870,
10,-1866,-322,-26,-1479,-67,156,-29,9870,
10,-1932,-37,340,-1352,-78,99,-29,9870,
10,-2022,227,421,-1277,-180,60,-29,9870,
10,-1777,-158,276,-1175,-228,35,-29,9870,
10,-1902,-163,98,-1098,-218,19,-28,9870,
10,-1853,295,-228,-1103,-244,-1,-28,9870,
10,-1709,-2,-427,-1164,-202,-14,-28,9798,
10,-1884,-197,-376,-1226,-126,-18,-28,9798,
10,-1906,79,-6,-1309,-111,-34,-28,9798,
10,-1834,79,68,-1358,-97,-56,-28,9798,
10,-1964,26,-2,-1380,-98,-68,-28,9798,
10,-1823,78,538,-1356,-168,-63,-28,9798,
10,-1761,188,17,-1395,-196,-52,-28,9798,
10,-1851,159,-144,-1439,-140,-37,-28,9798,
10,-1949,410,-163,-1485,-146,-39,-28,9798,
10,-1896,431,-430,-1620,-64,25,-28,9798,
10,-2025,574,-203,-1754,-17,81,-28,9798,
10,-2025,534,109,-1804,-31,154,-28,9798,
10,-1974,-59,-86,-1802,-35,219,-28,9798,
10,-2060,313,412,-1831,-101,225,-28,9798,
10,-2079,208,184,-1868,-117,223,-28,9798,
10,-1883,-18,-264,-1940,-129,227,-28,9798,
10,-2294,177,-90,-2047,-119,255,-28,9724,
10,-2054,390,-223,-2139,-64,264,-28,9724,
10,-2247,120,-227,-2204,-49,279,-28,9724,
10,-2084,-99,73,-2217,-73,283,-28,9724,
10,-2196,-99,98,-2155,-50,247,-28,9724,
10,-2157,-212,45,-2048,-62,196,-28,9724,
10,-2268,-222,-76,-1928,-95,144,-28,9724,
10,-2148,-25,-193,-1831,-62,116,-28,9724,
10,-2126,-18,-178,-1769,-2,107,-28,9724,
10,-2160,116,-279,-1734,24,117,-28,9724,
10,-2214,163,-3,-1707,48,138,-28,9724,
10,-1920,-76,34,-1627,70,133,-28,9724,
10,-2267,-177,210,-1522,26,100,-28,9724,
10,-2059,-223,39,-1436,34,69,-28,9724,
10,-2090,-103,20,-1391,50,47,-28,9724,
10,-2114,30,5,-1355,51,37,-28,9648,
10,-2055,54,141,-1359,65,50,-28,9648,
10,-2305,106,292,-1335,65,72,-28,9648,
10,-1943,153,265,-1285,20,72,-28,9648,
10,-1981,-221,243,-1234,12,68,-28,9648,
10,-2128,-184,90,-1173,6,36,-28,9648,
10,-2063,-29,-90,-1121,-8,10,-28,9648,
10,-2207,-24,-195,-1119,42,13,-28,9648,
10,-2064,14,-36,-1136,91,28,-28,9648,
10,-2030,-3,88,-1124,75,33,-28,9648,
10,-2150,-220,126,-1058,64,18,-28,9648,
10,-2004,-311,238,-975,35,-21,-28,9648,
10,-2052,-267,392,-874,-10,-76,-28,9648,
10,-2011,-153,161,-815,-2,-105,-28,9648,
10,-1904,90,98,-789,14,-107,-28,9648,
10,-2020,223,-50,-761,3,-95,-28,9570,
10,-2043,204,68,-754,21,-62,-28,9570,
10,-2129,72,179,-708,48,-31,-28,9570,
10,-2035,17,220,-610,21,-34,-28,9570,
10,-2072,-84,237,-479,-7,-53,-28,9570,
10,-1984,-95,279,-351,-11,-70,-28,9570,
10,-1988,148,330,-263,-71,-75,-28,9570,
10,-2053,110,190,-219,-70,-66,-28,9570,
10,-2003,69,-71,-204,-44,-47,-28,9570,
10,-1930,183,-27,-208,-43,-43,-28,9570,
10,-2204,-136,96,-212,10,-51,-28,9570,
10,-2039,-233,130,-172,-5,-76,-28,9570,
10,-1857,118,244,-95,-55,-90,-28,9570,
10,-1830,260,195,-94,-59,-73,-28,9570,
10,-1764,153,-105,-142,-38,-45,-28,9570,
10,-2236,39,-237,-190,-33,-24,-28,9489,
10,-1730,20,-114,-240,18,-26,-28,9489,
10,-1889,-36,50,-276,57,-35,-28,9489,
10,-1952,-144,194,-303,80,-37,-28,9489,
10,-1970,-89,398,-253,20,-65,-28,9489,
10,-1771,-50,437,-205,-27,-101,-28,9489,
10,-1779,-205,154,-188,-27,-125,-28,9489,
10,-1850,-193,-63,-181,-54,-173,-28,9489,
10,-1989,7,-190,-235,3,-201,-28,9489,
10,-1886,14,-253,-295,54,-215,-28,9489,
10,-1952,-22,-110,-359,80,-224,-28,9489,
10,-1918,62,42,-428,119,-215,-28,9489,
10,-1702,-42,309,-450,128,-240,-28,9489,
10,-1547,-220,384,-416,74,-292,-28,9489,
10,-1850,-100,140,-424,64,-330,-28,9489,
10,-2028,335,58,-502,75,-336,-28,9407,
10,-1402,835,244,-694,78,-232,-28,9407,
10,-1555,792,450,-849,59,-113,-28,9407,
10,-1767,452,446,-825,15,-62,-28,9407,
10,-1764,113,198,-816,-31,-62,-28,9407,
10,-1332,5,537,-764,-67,-42,-28,9407,
10,-1661,262,390,-834,-164,15,-28,9407,
10,-2051,636,175,-976,-236,90,-28,9407,
10,-2025,337,185,-1115,-221,180,-28,9407,
10,-1894,520,-184,-1208,-209,216,-28,9407,
10,-1773,40,50,-1260,-184,275,-28,9407,
10,-2128,119,363,-1232,-208,292,-28,9407,
10,-1728,-33,714,-1113,-289,257,-28,9407,
10,-1878,-387,790,-781,-412,173,-28,9407,
10,-1844,-202,371,-629,-460,101,-28,9407,
10,-2010,-309,-213,-598,-458,41,-28,9323,
10,-1756,-70,-402,-622,-365,-5,-28,9323,
10,-1975,193,-554,-711,-290,-7,-27,9323,
10,-2025,185,-140,-814,-252,-1,-27,9323,
10,-1927,152,222,-892,-224,4,-27,9323,
10,-2110,146,146,-943,-279,35,-27,9323,
10,-1984,53,222,-986,-277,6,-27,9323,
10,-2183,-359,-159,-1024,-286,-50,-27,9323,
10,-2128,80,-461,-1108,-235,-57,-27,9323,
10,-2186,372,-475,-1211,-125,-44,-27,9323,
10,-2203,198,-399,-1292,-69,-32,-27,9323,
10,-2259,88,-370,-1344,-26,-14,-27,9323,
10,-2295,193,-78,-1372,48,-18,-27,9323,
10,-2058,125,-101,-1356,58,-20,-27,9323,
10,-2113,187,-75,-1320,71,-13,-27,9323,
10,-2180,292,60,-1271,84,8,-27,9238,
10,-2164,212,66,-1194,44,13,-27,9238,
10,-2011,90,-137,-1136,65,31,-27,9238,
10,-2194,169,-232,-1107,116,48,-27,9238,
10,-2264,264,-61,-1077,130,60,-27,9238,
10,-2032,88,-144,-1055,147,69,-27,9238,
10,-1954,86,140,-1044,180,77,-27,9238,
10,-2182,135,229,-1003,170,78,-27,9238,
10,-2209,284,292,-945,106,89,-27,9238,
10,-2093,29,217,-925,100,106,-27,9238,
10,-1944,-37,378,-862,71,97,-27,9238,
10,-2140,163,419,-823,-11,78,-27,9238,
10,-2109,21,540,-823,-64,78,-27,9238,
10,-2050,67,447,-796,-108,84,-27,9238,
10,-1947,246,186,-765,-163,65,-27,9238,
10,-1952,-18,11,-790,-144,61,-27,9152,
10,-2229,-21,-117,-841,-119,64,-27,9152,
10,-2070,219,10,-907,-102,82,-27,9152,
10,-2018,111,-142,-990,-37,95,-27,9152,
10,-2150,-77,18,-1022,-19,92,-27,9152,
10,-2013,-160,239,-985,-41,51,-27,9152,
10,-2139,-263,249,-909,-20,-6,-27,9152,
10,-1884,-255,119,-804,-55,-76,-27,9152,
10,-1760,-132,225,-730,-59,-125,-27,9152,
10,-2196,5,145,-695,-70,-156,-27,9152,
10,-2133,149,230,-709,-61,-165,-27,9152,
10,-1925,257,316,-778,-28,-136,-27,9152,
10,-2038,314,172,-805,-69,-114,-27,9152,
10,-1967,5,197,-811,-90,-108,-27,9152,
10,-1646,-8,134,-835,-76,-115,-27,9152,
10,-1584,57,-21,-846,-79,-142,-27,9065,
10,-1912,46,-87,-866,-63,-164,-27,9065,
10,-2009,238,207,-932,-37,-154,-27,9065,
10,-1577,542,493,-1012,-68,-110,-27,9065,
10,-1744,550,228,-1105,-53,-39,-27,9065,
10,-1888,436,77,-1211,-61,12,-27,9065,
10,-1720,144,-105,-1260,-81,39,-27,9065,
10,-1566,-23,-48,-1281,-34,44,-27,9065,
10,-1953,111,166,-1260,-23,27,-27,9065,
10,-1899,187,266,-1242,-36,28,-27,9065,
10,-1611,352,274,-1251,-63,79,-27,9065,
10,-1877,235,436,-1138,-111,88,-27,9065,
10,-2037,-36,388,-1064,-189,80,-27,9065,
10,-1960,-24,-73,-1064,-151,55,-27,9065,
10,-1675,-15,-328,-1079,-95,40,-27,9065,
10,-1693,-75,-263,-1112,-50,25,-27,8976,
10,-1706,-50,141,-1106,4,4,-27,8976,
10,-2100,-53,-280,-1081,-36,12,-27,8976,
10,-2063,365,632,-1028,-89,15,-27,8976,
10,-1840,75,543,-941,-100,8,-27,8976,
10,-2144,-448,-136,-904,-120,-22,-27,8976,
10,-1915,-255,-247,-882,-92,-73,-27,8976,
10,-1794,-228,-105,-878,-22,-144,-27,8976,
10,-1940,-102,-244,-914,23,-155,-27,8976,
10,-2073,129,294,-976,41,-143,-27,8976,
10,-1664,52,390,-958,29,-137,-27,8976,
10,-2048,92,554,-916,-54,-133,-27,8976,
10,-1997,-71,367,-833,-102,-150,-27,8976,
10,-2102,32,24,-821,-54,-152,-27,8976,
10,-1882,150,88,-797,-54,-166,-27,8976,
10,-1793,38,-81,-724,-18,-204,-27,8887,
10,-2044,-175,174,-651,17,-202,-27,8887,
10,-1905,-74,408,-496,-34,-240,-27,8887,
10,-1668,227,428,-324,-88,-261,-27,8887,
10,-1849,630,714,-345,-133,-196,-27,8887,
10,-2193,77,527,-318,-219,-147,-27,8887,
10,-2031,290,181,-392,-201,-108,-27,8887,
10,-1833,227,-174,-447,-185,-57,-27,8887,
10,-2349,440,-137,-520,-173,-23,-27,8887,
10,-2050,740,676,-537,-153,22,-27,8887,
10,-1954,381,395,-507,-182,93,-27,8887,
10,-1832,217,453,-442,-264,120,-27,8887,
10,-2169,-25,325,-393,-267,112,-27,8887,
10,-2147,-145,165,-326,-310,60,-27,8887,
10,-1766,-12,92,-263,-350,12,-27,8887,
10,-1807,-65,-133,-242,-320,-14,-27,8797,
10,-2302,115,43,-271,-306,-21,-27,8797,
10,-2036,353,-158,-369,-272,1,-27,8797,
10,-1785,251,-385,-461,-228,45,-27,8797,
10,-1934,216,-109,-530,-228,60,-27,8797,
10,-2114,36,-90,-591,-211,58,-27,8797,
10,-2021,-50,-481,-638,-140,46,-27,8797,
10,-1622,109,-475,-694,-92,27,-27,8797,
10,-1946,213,-466,-760,8,39,-27,8797,
10,-2209,168,-138,-837,73,62,-27,8797,
10,-1790,188,167,-888,54,90,-27,8797,
10,-1958,299,298,-899,41,112,-27,8797,
10,-2123,184,138,-861,-22,130,-27,8797,
10,-2318,65,-87,-906,-21,152,-27,8797,
10,-1826,112,-281,-967,31,165,-27,8797,
10,-1776,309,-393,-1058,60,196,-26,8706,
10,-2329,281,-325,-1179,127,231,-26,8706,
10,-2033,32,213,-1245,150,254,-26,8706,
10,-1514,152,640,-1240,62,262,-26,8706,
10,-1748,37,448,-1230,0,266,-26,8706,
10,-2230,-111,31,-1203,-57,238,-26,8706,
10,-1926,79,-177,-1266,-85,226,-26,8706,
10,-1981,283,-164,-1389,-15,257,-26,8706,
10,-1868,66,-210,-1477,19,281,-26,8706,
10,-2000,-183,-54,-1479,1,277,-26,8706,
10,-2148,-234,310,-1423,14,220,-26,8706,
10,-1928,-224,-80,-1433,-39,132,-26,8706,
10,-2147,-220,346,-1408,-148,27,-26,8706,
10,-1998,-378,226,-1307,-156,-39,-26,8706,
10,-2235,-78,-216,-1279,-144,-52,-26,8706,
10,-2175,364,-322,-1341,-81,1,-26,8615,
10,-2047,298,-257,-1419,-2,59,-26,8615,
10,-2448,-24,-574,-1443,33,77,-26,8615,
10,-2266,-23,-431,-1456,42,97,-26,8615,
10,-2305,-240,151,-1413,78,67,-26,8615,
10,-2282,-334,85,-1320,105,6,-26,8615,
10,-2351,-145,27,-1240,93,-48,-26,8615,
10,-2345,-136,-57,-1162,120,-63,-26,8615,
10,-2081,10,-33,-1089,126,-67,-26,8615,
10,-1800,1120,-89,-1080,131,23,-26,8615,
10,-2400,382,238,-1092,157,78,-26,8615,
10,-2286,-33,122,-1024,132,111,-26,8615,
10,-2210,-111,108,-942,113,124,-26,8615,
10,-2050,-102,368,-827,128,113,-26,8615,
10,-2229,-121,216,-675,97,74,-26,8615,
10,-2344,-144,-15,-538,61,53,-26,8523,
10,-2468,-19,285,-426,73,57,-26,8523,
10,-1942,210,317,-311,45,65,-26,8523,
10,-2093,97,40,-220,23,96,-26,8523,
10,-2338,-185,27,-139,40,109,-26,8523,
10,-2169,-89,411,7,-13,77,-26,8523,
10,-1978,-3,294,138,-79,35,-26,8523,
10,-2281,-393,132,220,-80,20,-26,8523,
10,-2519,-38,-39,240,-77,11,-26,8523,
10,-2545,64,29,251,-26,-13,-26,8523,
10,-1654,-235,165,269,-18,-24,-26,8523,
10,-1761,81,215,268,-47,15,-26,8523,
10,-2531,401,306,209,-93,48,-26,8523,
10,-2100,30,172,159,-108,72,-26,8523,
10,-1711,-524,-3,150,-95,63,-26,8523,
10,-2267,-182,81,157,-97,28,-26,8431,
10,-2733,-65,-47,130,-87,-5,-26,8431,
10,-1976,-304,-298,95,-59,-6,-26,8431,
10,-1677,-78,-47,39,-22,-13,-26,8431,
10,-1807,128,230,7,-2,-14,-26,8431,
10,-2186,-221,183,19,-47,-15,-26,8431,
10,-2580,-347,140,67,-58,-43,-26,8431,
10,-2315,-223,311,145,-91,-107,-26,8431,
10,-2340,-254,-63,206,-100,-162,-26,8431,
10,-2477,-110,-139,203,-80,-172,-26,8431,
10,-1986,76,-183,146,-28,-148,-26,8431,
10,-1775,49,-198,79,-20,-128,-26,8431,
10,-1910,260,-167,-40,42,-67,-26,8431,
10,-2246,299,-8,-132,80,-14,-26,8431,
10,-2256,36,280,-143,43,17,-26,8431,
10,-2035,-259,277,-73,15,7,-26,8338,
10,-2313,-180,208,8,9,-22,-26,8338,
10,-2620,-160,143,81,-17,-48,-26,8338,
10,-1878,-128,-17,125,-9,-54,-26,8338,
10,-1740,121,1,170,19,-49,-26,8338,
10,-1779,180,-18,189,14,-26,-26,8338,
10,-2383,123,174,209,23,14,-26,8338,
10,-1732,140,198,268,31,36,-26,8338,
10,-1897,18,269,380,-14,36,-26,8338,
10,-2175,-132,169,489,-12,29,-26,8338,
10,-2459,-213,10,599,4,10,-26,8338,
10,-2120,52,13,685,-2,1,-26,8338,
10,-1853,41,-11,745,40,7,-26,8338,
10,-2305,55,77,810,27,21,-26,8338,
10,-2010,-20,306,879,23,31,-26,8338,
10,-2096,-288,371,1049,-2,0,-26,8244,
10,-1955,-104,76,1195,-87,-20,-26,8244,
10,-1979,-188,49,1269,-107,-48,-26,8244,
10,-2244,-214,-201,1330,-66,-78,-26,8244,
10,-2579,-100,-166,1318,-57,-71,-26,8244,
10,-1974,145,-373,1263,19,-39,-26,8244,
10,-2093,-67,-130,1244,89,-49,-26,8244,
10,-2175,-167,129,1266,60,-56,-26,8244,
10,-2286,-1,733,1372,-5,-84,-26,8244,
10,-2242,-31,557,1536,-84,-122,-26,8244,
10,-2567,-342,295,1627,-98,-162,-27,8244,
10,-2388,-361,-26,1682,-124,-195,-27,8244,
10,-2016,436,-203,1670,-119,-202,-27,8244,
10,-2221,349,-303,1578,-29,-178,-27,8244,
10,-2203,42,-353,1527,32,-128,-27,8244,
10,-2036,251,174,1415,76,-82,-27,8150,
10,-2292,377,316,1373,104,-51,-27,8150,
10,-2068,-405,-149,1343,53,-11,-27,8150,
10,-2501,117,144,1330,12,11,-27,8150,
10,-2443,395,259,1323,33,-18,-27,8150,
10,-2241,-348,-211,1295,50,-42,-27,8150,
10,-2307,-249,-267,1215,77,-53,-27,8150,
10,-2021,418,-343,1121,154,-70,-27,8150,
10,-2345,146,148,991,182,-39,-27,8150,
10,-2194,-95,-4,904,172,-29,-27,8150,
10,-2078,91,219,855,184,-17,-27,8150,
10,-2105,241,-89,822,164,-6,-27,8150,
10,-2237,162,213,772,143,10,-27,8150,
10,-2042,213,357,776,167,31,-27,8150,
10,-1923,33,135,797,144,33,-27,8150,
10,-2043,24,88,827,136,28,-27,8055,
10,-2233,41,232,883,163,5,-27,8055,
10,-1994,-80,308,978,145,-23,-27,8055,
10,-2082,-35,272,1073,114,-37,-27,8055,
10,-2032,160,194,1157,99,-50,-27,8055,
10,-2140,133,183,1197,67,-58,-27,8055,
10,-1784,74,156,1187,40,-37,-27,8055,
10,-1775,105,-47,1183,90,-25,-27,8055,
10,-2007,141,82,1192,94,-37,-27,8055,
10,-2055,69,87,1195,74,-45,-27,8055,
10,-1799,237,470,1176,62,-28,-27,8055,
10,-1703,333,298,1174,2,19,-27,8055,
10,-2229,117,205,1179,-32,20,-27,8055,
10,-1880,-223,94,1203,-32,-5,-27,8055,
10,-1273,-34,113,1216,-52,-1,-27,8055,
10,-1531,195,-57,1185,-42,-35,-27,7959,
10,-2059,33,-92,1110,0,-22,-27,7959,
10,-1939,-70,-129,1007,52,2,-27,7959,
10,-1550,330,31,906,46,9,-27,7959,
10,-2002,198,-49,805,73,5,-27,7959,
10,-2034,-267,-37,724,93,5,-27,7959,
10,-1663,-269,115,682,58,-46,-27,7959,
10,-1540,-135,159,654,79,-109,-27,7959,
10,-1853,-33,-122,601,71,-140,-27,7959,
10,-1694,-141,-141,430,58,-96,-27,7959,
10,-2145,752,364,465,51,-4,-27,7959,
10,-1723,423,-39,366,35,66,-27,7959,
10,-2067,153,313,287,6,97,-27,7959,
10,-2068,-28,191,247,37,89,-27,7959,
10,-1904,13,-204,247,48,53,-27,7959,
10,-1848,12,9,213,71,25,-27,7863,
10,-2027,196,177,136,72,41,-27,7863,
10,-1992,371,407,111,-12,85,-27,7863,
10,-1962,432,358,100,16,88,-27,7863,
10,-1988,46,90,18,-32,109,-27,7863,
10,-2108,84,-225,-48,-30,128,-27,7863,
10,-2008,295,-93,-94,20,136,-27,7863,
10,-1884,-59,136,-87,26,121,-27,7863,
10,-1773,-262,230,-47,9,91,-27,7863,
10,-2269,50,238,13,18,65,-27,7863,
10,-2113,54,221,39,-41,68,-27,7863,
10,-1984,240,165,16,-57,88,-27,7863,
10,-2085,64,-46,-16,-36,114,-27,7863,
10,-2105,207,-113,-61,-30,118,-27,7863,
10,-2060,-123,52,-97,13,112,-27,7863,
10,-1796,-516,73,-46,23,51,-27,7766,
10,-1852,-341,220,23,-14,-18,-27,7766,
10,-2202,18,193,89,-22,-51,-27,7766,
10,-1998,38,43,98,-54,-61,-27,7766,
10,-2086,143,-53,60,-44,-43,-27,7766,
10,-2115,40,116,70,-62,-65,-27,7766,
10,-2134,-13,363,86,-105,-72,-27,7766,
10,32767,15760,-14869,2323,-1792,-1951,-27,7766,
10,1413,1977,-5885,-1,-1,-1,-1,-1,